prediction_0_for_Medical_1_for_Surgical,target
3.4236546e-05,0
1.33381e-06,0
0.00041125275,0
2.5171112e-05,0
1.7054599e-05,0
2.6168052e-06,0
1.0246839e-06,0
0.0002667735,0
0.16815452,0
3.3489632e-05,0
0.9783557,1
3.1658485e-05,0
4.322269e-05,0
0.9997446,1
0.00025847915,0
1.6550212e-05,0
2.2882445e-05,0
0.99999785,1
1.2394868e-06,0
0.00026059433,0
0.9998272,1
1.3060365e-05,0
1.4300512e-06,0
6.5850677e-06,0
1.317351e-05,0
0.0005844176,0
0.0012209725,0
0.9996402,1
2.2000646e-05,0
2.140731e-05,0
0.9971979,1
0.0016984603,0
0.9919002,1
1.7658378e-05,0
2.3624581e-05,0
0.9999234,1
1.0158549e-05,0
1.3376521e-06,0
6.1210485e-05,0
0.98863786,1
0.0029970265,0
5.8891687e-06,0
0.0016505033,0
0.9999919,1
9.8614455e-06,0
0.99999595,1
3.0373436e-05,0
7.799522e-05,0
0.00030027577,0
3.117544e-05,0
0.039573573,0
0.00045194628,0
0.99972457,1
0.99997777,1
1.1053186e-05,0
2.8982074e-06,0
0.00037126118,0
3.1045158e-06,0
2.2475355e-05,0
2.7901071e-06,0
1.032622e-05,0
7.207741e-05,0
0.9987903,1
4.1641697e-06,0
0.0018543899,0
0.9999936,1
0.9999969,1
6.0954826e-05,0
0.0032328714,0
6.1423175e-06,0
6.7714696e-05,0
1.2435939e-05,0
0.99998355,1
5.990844e-07,0
0.9999769,1
0.98118156,1
8.715921e-06,0
0.9952722,1
2.9262048e-05,0
1.8821529e-05,0
0.00072744006,0
1.4812981e-06,0
8.797937e-06,0
2.9897396e-05,0
0.99821234,1
0.04236333,1
0.00010089337,0
3.819351e-05,0
1.6289833e-06,0
0.470064,0
5.5081787e-06,0
2.8483964e-05,0
6.7383075e-07,0
4.36465e-05,0
1.16204e-05,0
0.00025437045,0
1.5239301e-05,0
0.9999998,1
2.1525652e-06,0
4.987409e-05,0
2.4082785e-05,0
0.0002760955,0
9.731818e-06,0
3.6927402e-06,0
9.0740167e-07,0
0.9998288,1
3.920592e-05,0
9.136737e-06,0
0.999984,1
0.9999631,1
3.710693e-05,0
0.9999976,1
5.4750475e-05,0
9.346764e-06,0
4.0457882e-05,0
0.99999934,1
0.0008624467,0
0.9999731,1
8.938708e-06,0
0.99999446,1
0.00023193705,0
5.6892895e-06,0
1.39248195e-05,0
4.9943983e-06,0
9.893777e-05,0
0.007830127,0
1.0126118e-06,0
3.0883202e-05,0
0.99993116,1
5.962465e-07,0
0.007913406,0
0.00020847937,0
0.00012466156,0
0.9999778,1
2.7680047e-05,0
0.99830025,1
5.860366e-06,0
2.2748305e-05,0
0.9999477,1
5.436494e-06,0
0.99933225,1
6.524122e-06,0
0.9992072,1
0.99985003,1
0.8163274,1
3.2630749e-06,0
0.0008846097,0
2.9418295e-06,0
0.00025483652,0
3.3569922e-05,0
3.4114655e-05,0
1.665374e-05,0
0.9996057,1
6.3952946e-05,0
0.004048954,1
1.330002e-06,0
0.9999094,1
0.00021939915,0
1.3674081e-06,0
0.999954,1
2.8657063e-05,0
1.9330025e-06,0
0.00013344851,0
6.840114e-07,0
1.5361605e-06,0
0.008595517,0
0.0001867544,0
1.496897e-05,0
0.99987763,1
0.0011531041,0
1.0318751e-06,0
3.9105176e-05,0
0.0012257945,0
0.99986666,1
0.99965477,1
0.0005159117,0
0.99990964,1
6.0931866e-06,0
1.6168568e-06,0
0.00022340316,0
1.1899995e-05,0
2.8089378e-05,0
5.09507e-06,0
6.1813085e-07,0
7.80756e-06,0
0.9999876,1
1.72151e-05,0
1.0925091e-05,0
2.5774425e-05,0
0.0016608514,0
0.9996495,1
2.5036284e-06,0
0.0016969838,0
0.9997031,1
4.7465426e-05,0
0.0010963863,0
3.995393e-06,0
8.14568e-06,0
1.0938267e-06,0
7.5329876e-06,0
0.0046260324,0
1.4422433e-05,0
6.290689e-06,0
0.99209315,1
1.2802421e-05,0
7.208152e-07,0
7.367574e-05,0
2.3355844e-06,0
0.99997425,1
3.0936735e-05,0
0.00012820889,0
0.9996999,1
3.7046044e-05,0
0.000302909,0
0.9973429,1
2.7282495e-06,0
1.320503e-05,0
2.685102e-06,0
1.2555439e-05,0
1.9466408e-05,0
3.9389888e-05,0
5.5587966e-06,0
0.000101751626,0
0.9999946,1
0.00021500867,0
0.99998873,1
0.0010014724,0
0.0001965026,0
5.992289e-05,0
1.2637224e-06,0
2.6066182e-05,0
1.9043159e-06,0
3.386046e-06,0
5.3090903e-06,0
0.9999817,1
0.9999344,1
0.9999588,1
0.99987006,1
0.00016589335,0
0.00016105194,0
7.547185e-05,0
0.0007242568,0
1.3873021e-05,0
2.8045906e-05,0
0.99999404,1
0.0037548307,0
0.999965,1
8.9811065e-06,0
1.5060895e-06,0
0.9994568,1
0.99957067,1
0.99999446,1
0.00046888134,0
0.99996156,1
7.2204652e-06,0
2.5161988e-05,0
8.176713e-05,0
0.0009507344,0
6.620942e-06,0
8.572958e-06,0
1.3374287e-05,0
5.600226e-06,0
0.99995804,1
0.0008063994,0
5.1193216e-05,0
8.632075e-06,0
5.1932893e-05,0
1.2894871e-05,0
4.3254808e-05,0
7.7869754e-07,0
4.1957733e-06,0
0.99965334,1
1.5650114e-05,0
1.8742525e-06,0
6.6634516e-06,0
0.9999943,1
8.1628355e-07,0
2.3003902e-06,0
0.00043972893,0
9.032488e-06,0
0.99983144,1
0.9998682,1
0.00076519937,0
0.9999307,1
3.2688517e-05,0
0.9954145,1
0.0004298753,0
0.0014103324,0
0.9997706,1
6.6269985e-07,0
4.2325322e-05,0
3.796138e-06,0
1.4242803e-05,0
8.296125e-06,0
0.00017378789,0
3.9045863e-06,0
2.6421676e-06,0
1.2525804e-05,0
0.0028296679,0
1.7794056e-05,0
6.3428837e-07,0
5.672424e-05,0
1.7132024e-06,0
0.9999965,1
0.9999749,1
1.0450575e-06,0
0.0007384967,0
4.909538e-05,0
9.731243e-06,0
0.9998972,1
3.735853e-05,0
4.6890223e-06,0
2.6932314e-06,0
1.6091015e-05,0
3.8599916e-05,0
1.804151e-05,0
0.00015409513,0
4.30596e-05,0
0.9999957,1
0.9998959,1
0.00066630024,0
1.5212991e-05,0
3.3889921e-06,0
4.5039054e-05,0
6.214198e-05,0
0.00034193255,0
0.9999568,1
0.00015804663,0
0.9993103,1
0.0033021383,0
0.98290294,1
5.9919007e-06,0
0.00027144226,0
0.0006083797,0
0.000135458,0
4.4600867e-05,0
0.00029171974,0
0.9999242,1
0.9998371,1
0.00019337038,0
0.00018817546,0
0.9999992,1
0.00047505597,0
1.8193863e-06,0
0.99990463,1
6.4337714e-06,0
5.4709612e-06,0
0.99989367,1
0.0023171701,0
0.997477,1
7.65052e-06,0
5.247468e-06,0
9.7766915e-06,0
0.99999857,1
0.9999698,1
0.9896801,1
2.9613633e-05,0
1.4669587e-06,0
0.00028082423,0
8.307677e-06,0
1.9472052e-05,0
0.99999875,1
2.3082378e-06,0
1.4119088e-05,0
6.2275176e-06,0
0.00053357583,0
0.99989843,1
1.494382e-06,0
0.9999892,1
0.9926329,1
7.012781e-06,0
0.999996,1
0.00012998619,0
0.00019687899,0
0.00029386525,0
1.3149973e-06,0
0.0039311163,0
0.99999696,1
0.0011214542,0
1.7242324e-05,0
0.99994826,1
1.4020922e-05,0
0.9999892,1
0.9999903,1
1.5053414e-06,0
0.9986865,1
9.2161545e-06,0
0.9999121,1
0.999268,1
0.9999988,1
0.00015432158,0
0.9996105,1
1.4448838e-06,0
0.00055885216,0
0.0002014034,0
4.8591323e-07,0
3.7678714e-05,0
6.0716275e-07,0
1.4962478e-05,0
0.00019745255,0
0.99991584,1
0.6297594,1
0.9999652,1
0.9999771,1
3.291518e-05,0
1.5913528e-06,0
0.0026801073,0
0.0005397312,0
0.9999726,1
2.8787495e-05,0
0.00012988274,0
7.720493e-06,0
0.99999267,1
2.8519637e-06,0
2.5977339e-05,0
9.502176e-05,0
3.3733504e-06,0
6.4378575e-05,0
3.5568664e-06,0
0.99999124,1
1.7446117e-05,0
3.8787625e-06,0
1.296733e-06,0
1.4374551e-06,0
0.0002866679,0
1.3005377e-06,0
2.569834e-05,0
0.9998355,1
2.5480324e-05,0
3.6661004e-06,0
0.99998826,1
7.8222096e-05,0
7.9888605e-06,0
0.9999973,1
0.00039109308,0
0.9999993,1
0.000111777415,0
0.0059851087,0
0.9999895,1
0.0005417448,0
1.3922305e-06,0
0.9998891,1
1.4989765e-06,0
2.3142682e-06,0
0.00016561612,0
0.00019086321,0
3.400438e-05,0
0.9999016,1
0.99999493,1
0.99568003,1
0.9999936,1
0.0015435877,0
0.999798,1
2.9443576e-05,0
0.99984473,1
1.7856884e-05,0
0.9999976,1
1.777923e-05,0
4.1970657e-06,0
0.9999933,1
0.0002411098,0
5.344704e-07,0
7.7576784e-05,0
1.8748671e-05,0
2.8745897e-06,0
8.866956e-06,0
6.5318413e-06,0
0.0009810457,0
0.0012413143,0
0.003624207,0
0.99991107,1
0.9999976,1
1.5319997e-06,0
7.96323e-05,0
2.3285588e-06,0
0.9999979,1
0.99999684,1
0.010751572,0
2.668026e-05,0
0.00011662571,0
2.5554886e-05,0
0.00038009576,0
2.2805756e-05,0
2.0300691e-05,0
1.2124646e-05,0
0.00021988586,0
2.6556648e-07,0
8.703619e-06,0
0.9996255,1
0.00011407668,0
1.2583344e-05,0
0.9996376,1
7.601515e-05,0
2.2114002e-05,0
0.00040626645,0
0.0003065498,0
1.7249262e-06,0
0.0051794695,0
0.99999166,1
1.0892468e-05,0
1.6539181e-05,0
0.00038653854,0
0.9999962,1
0.000100766454,0
1.7380951e-05,0
2.0706075e-05,0
2.4461251e-05,0
2.473026e-06,0
0.99998283,1
0.9555357,1
0.9995136,1
1.1224924e-06,0
4.337319e-05,0
4.556446e-05,0
0.9981615,1
8.270365e-06,0
0.99978,1
5.018495e-06,0
0.00011557288,0
5.7815887e-06,0
5.477548e-07,0
1.9248698e-06,0
5.2231047e-05,0
4.7811855e-06,0
3.8393813e-05,0
0.00020902453,0
0.0013733093,0
0.0011586987,0
0.00027172474,0
0.0018876996,0
2.94188e-06,0
1.3902882e-06,0
4.5877723e-06,0
2.2680956e-06,0
0.99994975,1
6.6038533e-06,0
4.9996564e-05,0
7.1352915e-05,0
0.0036963022,0
1.5089568e-05,0
6.732784e-06,0
1.1606535e-05,0
0.00019914155,0
0.99966365,1
0.9999466,1
8.125647e-06,0
4.312252e-05,0
8.5395595e-06,0
0.9996648,1
0.9999725,1
0.30273637,1
0.991321,1
8.502991e-06,0
0.99992085,1
4.812122e-06,0
0.9999931,1
3.6932297e-06,0
1.8194025e-05,0
0.99997306,1
3.6868107e-06,0
0.0013133954,0
2.4534465e-05,0
7.77414e-06,0
9.143745e-06,0
0.9999964,1
0.00019793531,0
2.8160584e-05,0
2.475289e-05,0
1.0904166e-06,0
3.1846863e-05,0
1.6458433e-06,0
0.00022949271,0
0.00011305183,0
3.6609643e-05,0
2.0681523e-06,0
0.99998015,1
2.1105063e-06,0
1.2675004e-06,0
1.9314216e-06,0
7.4768184e-05,0
2.1317488e-05,0
1.1964711e-05,0
3.1376916e-05,0
0.9999969,1
0.99999446,1
6.972893e-05,0
0.0011362253,0
0.9996934,1
1.1954021e-06,0
0.91474223,1
5.3407985e-06,0
0.0001167784,0
0.99997014,1
2.1085782e-05,0
3.40779e-06,0
3.6539466e-05,0
0.999945,1
3.8810675e-05,0
1.0403169e-05,0
6.791672e-05,0
0.99864274,1
1.8323364e-05,0
8.371057e-05,0
2.1169015e-05,0
1.6820664e-05,0
4.588538e-06,0
0.0006897611,0
1.17990385e-05,0
3.3965687e-05,0
0.9999492,1
0.00052190834,0
0.9999077,1
2.9754381e-05,0
6.756364e-07,0
1.901022e-05,0
0.7768672,1
0.9995186,1
1.7965289e-06,0
0.99992967,1
4.9627724e-06,0
5.7041518e-05,0
1.07200585e-05,0
1.8377328e-06,0
9.122128e-06,0
2.3674535e-05,0
0.9999569,1
1.8445511e-05,0
0.00015517313,0
0.99999857,1
1.6633443e-06,0
0.0054619107,0
0.00043599258,0
5.760235e-06,0
0.00021573067,0
0.99994206,1
2.4581774e-05,0
0.9978455,1
6.5889144e-05,0
7.3229107e-06,0
1.7087642e-06,0
0.999996,1
4.215257e-06,0
1.1395864e-06,0
3.5360256e-06,0
3.802278e-05,0
3.92712e-06,0
6.9214825e-06,0
0.0001615854,0
1.5561116e-05,0
1.3651693e-05,0
2.195408e-06,0
0.00013317101,0
0.0020653906,0
8.560074e-06,0
1.285188e-05,0
1.3732007e-05,0
1.2371496e-06,0
0.99985343,1
2.0948666e-05,0
7.1025366e-05,0
1.4833826e-05,0
0.9999151,1
1.2032519e-05,0
5.1236334e-06,0
2.746979e-06,0
2.4330315e-05,0
2.4582307e-06,0
0.99992055,1
0.99997777,1
5.4455344e-05,0
5.8404607e-05,0
4.402721e-05,0
5.56462e-06,0
0.98954946,1
5.6758112e-05,0
3.3369731e-06,0
0.99999523,1
0.00022665686,0
1.0991439e-06,0
2.2119128e-05,0
0.00051880296,0
0.99991924,1
8.511749e-07,0
2.354154e-06,0
8.0687765e-05,0
3.6534063e-06,0
0.00018007537,0
0.99999934,1
6.9169223e-06,0
2.0689542e-07,0
5.2016065e-05,0
5.930981e-05,0
1.8576517e-06,0
0.006479334,0
0.98982024,1
4.1921416e-05,0
2.3061189e-06,0
2.9545621e-05,0
0.9999423,1
7.827629e-06,0
7.866026e-06,0
0.00017398753,0
5.960061e-05,0
0.00053363614,0
0.21987063,0
6.619402e-06,0
5.39327e-05,0
0.99997634,1
0.99950576,1
0.00853728,0
0.0012795005,0
0.00019931006,0
0.99999267,1
0.9984774,1
2.6778878e-06,0
0.999677,1
1.4729693e-05,0
1.6380392e-05,0
3.633338e-05,0
7.463661e-05,0
2.136925e-05,0
2.0295347e-07,0
6.0270988e-05,0
5.8162663e-05,0
5.02064e-06,0
0.9997832,1
1.0679167e-06,0
8.69529e-06,0
0.9995238,1
0.99985236,1
4.0717555e-06,0
3.7372745e-05,0
3.4835996e-06,0
1.1651161e-05,0
8.1424895e-07,0
9.987011e-05,0
0.9999998,1
0.99999714,1
0.00025767012,0
0.006691231,0
0.999996,1
2.7871238e-05,0
0.9998965,1
0.99990624,1
0.9999849,1
0.00021589466,0
0.0006124186,0
4.2737556e-06,0
0.9945552,1
2.0126593e-06,0
0.0018482739,0
1.0140285e-06,0
0.9999964,1
3.816895e-06,0
1.755525e-06,0
0.9597743,1
0.99959534,1
1.1715947e-06,0
0.9994592,1
2.4805938e-06,0
0.99999833,1
0.91752,1
9.859745e-06,0
1.8125185e-05,0
1.4931658e-05,0
0.0005251617,0
4.451633e-06,0
1.1117102e-06,0
0.5847323,0
3.6763904e-06,0
4.818308e-05,0
0.00021111964,0
0.99899226,1
0.034463838,0
0.9996837,1
2.3443904e-06,0
0.0016526962,0
1.4395046e-05,0
0.0002490401,0
0.0002422444,0
6.5133485e-05,0
1.785474e-05,0
0.9999938,1
1.597495e-05,0
0.001452371,0
8.4578285e-05,0
0.99999696,1
4.3245664e-06,0
1.6755168e-05,0
2.6766468e-06,0
1.0527103e-05,0
3.9574034e-06,0
3.9888146e-06,0
0.00012517424,0
2.6150907e-05,0
1.8550332e-06,0
1.7330205e-05,0
0.0012855895,0
3.0666624e-06,0
1.670386e-05,0
3.7754933e-05,0
1.4962478e-05,0
4.539416e-06,0
2.22195e-06,0
0.9999683,1
4.603059e-05,0
4.16773e-06,0
0.99951917,1
0.9999978,1
0.0007972164,0
0.99928707,1
0.0010695512,0
3.98559e-06,0
3.0037393e-06,0
5.9959298e-06,0
4.270049e-05,0
1.714218e-05,0
0.999813,1
0.99999857,1
0.00031682814,0
0.00012614636,0
1.1923495e-06,0
3.9293052e-05,0
5.087959e-05,0
0.00032709094,0
0.00058532675,0
0.99989253,1
4.3490112e-05,0
0.0016779118,0
1.27736275e-05,0
0.00087027036,0
4.1206868e-06,0
0.00063719094,0
0.0003685951,0
0.0025171381,0
0.00017696335,0
0.9999984,1
5.627857e-06,0
1.21172825e-05,0
1.7199165e-05,0
0.0010036353,0
4.0188323e-05,0
0.9993481,1
1.3191147e-05,0
3.891078e-06,0
5.619919e-06,0
2.5007146e-05,0
0.99997646,1
1.0050287e-06,0
0.99981874,1
3.556795e-05,0
0.9990163,1
0.9999323,1
0.0018536258,0
0.99999744,1
2.8883465e-05,0
5.028714e-06,0
2.8518764e-06,0
0.999994,1
7.5061894e-06,0
1.3095283e-06,0
1.4140284e-05,0
2.5929892e-05,0
1.4623223e-05,0
0.99958163,1
3.7953487e-06,0
0.9973562,1
0.99997634,1
0.9999859,1
0.99988204,1
1.3580299e-05,0
0.0032069937,0
0.000102252154,0
5.229982e-06,0
0.9999959,1
0.99996597,1
6.0055845e-06,0
4.6529094e-06,0
0.9999992,1
0.00021093192,0
4.388853e-06,0
0.99999887,1
4.1649005e-06,0
1.6997446e-05,0
0.0010968763,0
4.6039936e-06,0
5.139857e-06,0
0.0001262625,0
0.9997578,1
2.4332614e-05,0
3.2744438e-06,0
0.9999244,1
8.401368e-07,0
3.9775587e-06,0
0.9961591,1
5.273504e-05,0
0.99951774,1
5.2951975e-05,0
0.9999826,1
2.271854e-05,0
0.0006653483,0
0.0050318553,0
4.104289e-06,0
2.377411e-05,0
1.0834416e-06,0
0.999984,1
2.9522162e-05,0
2.208737e-06,0
6.3113657e-06,0
0.999788,1
0.9997943,1
2.6297008e-05,0
1.2204251e-05,0
5.218871e-06,0
0.99990606,1
0.00040279597,0
0.9999898,1
3.56152e-06,0
0.9999649,1
0.9990962,1
1.2334128e-05,0
2.005447e-05,0
0.00034560918,0
0.00086288195,0
3.6638037e-05,0
0.9999876,1
9.074804e-06,0
1.0246105e-05,0
0.0001693578,0
1.7120852e-06,0
0.00069231197,0
7.749799e-07,0
0.98447233,1
0.9999695,1
1.4209564e-05,0
1.4098529e-05,0
1.0137248e-06,0
2.7247153e-05,0
8.0885985e-07,0
2.1763776e-06,0
4.721091e-05,0
2.2188412e-06,0
6.484605e-05,0
0.00026992528,0
2.3989332e-05,0
0.0005973288,0
2.0510348e-05,0
5.509584e-05,0
1.6664098e-05,0
0.8071353,1
0.0072019226,0
5.4514153e-06,0
5.9139817e-05,0
0.9931796,1
9.4822934e-07,0
0.0016386524,1
8.982914e-06,0
0.9999976,1
0.9993224,1
0.34587324,1
0.00013850519,0
0.00027529855,0
2.1293222e-06,0
0.005785074,0
0.9999755,1
1.186363e-06,0
1.3369608e-06,0
0.99958974,1
2.9833425e-05,0
0.99997973,1
8.9986344e-05,0
0.9995709,1
0.00050363404,0
9.1180096e-05,0
0.99999446,1
0.00010654432,0
1.222291e-05,0
4.3227724e-06,0
1.5300508e-05,0
7.1786653e-06,0
4.766478e-05,0
7.964346e-05,0
1.2933873e-06,0
9.3289445e-06,0
0.00015238485,0
6.005584e-05,0
0.9998197,1
1.3443544e-05,0
6.1592254e-05,0
6.83821e-06,0
1.3222648e-05,0
1.649742e-05,0
0.9999802,1
7.100379e-06,0
0.9999992,1
0.99994016,1
5.302942e-06,0
0.96746033,1
6.571157e-05,0
2.0844544e-05,0
3.0496022e-07,0
9.050717e-06,0
0.9998865,1
0.028605198,0
0.99955386,1
2.566135e-06,0
0.0030235744,0
5.826339e-06,0
2.7018261e-06,0
0.0002148318,0
0.9999439,1
7.6552715e-06,0
6.5474254e-05,0
0.00072397076,0
0.00029961177,0
1.9411034e-05,0
4.3816517e-06,0
0.5908837,0
6.5241093e-06,0
0.001909656,0
0.9999936,1
1.1829866e-05,0
1.9333368e-07,0
1.8563129e-05,0
5.7722664e-06,0
9.266195e-06,0
3.5968158e-05,0
0.9999652,1
0.00011100456,0
4.7964163e-06,0
1.5979567e-05,0
3.6325968e-05,0
3.636718e-05,0
4.962175e-05,0
1.2440956e-05,0
0.99998635,1
3.1019592e-06,0
0.0004620791,0
9.477028e-05,0
0.0003532028,0
0.9998848,1
2.1078793e-06,0
5.250201e-05,0
3.0098532e-05,0
0.9999663,1
6.890446e-05,0
0.9999962,1
1.7699178e-05,0
2.747841e-06,0
7.19885e-07,0
5.7095556e-05,0
1.552245e-06,0
0.00011035117,0
6.537636e-05,0
4.4560872e-07,0
0.00020757825,0
9.337377e-07,0
7.69269e-06,0
0.9999294,1
5.7119646e-06,0
3.458234e-05,0
1.2925676e-05,0
1.2542708e-06,0
3.3472614e-05,0
9.207661e-07,0
0.00084372255,0
0.0001452401,0
4.1744242e-06,0
0.9999869,1
1.2446474e-05,0
3.3120916e-05,0
0.0021610516,0
6.2854364e-05,0
1.4936467e-06,0
0.0071929772,0
0.00019253256,0
0.9973505,1
0.999996,1
0.0010673129,0
1.5977983e-05,0
4.7950638e-05,0
0.0009084321,0
0.0001457569,0
0.9998166,1
1.6448674e-05,0
3.5335954e-06,0
1.5807867e-05,0
1.9265594e-06,0
0.99989533,1
0.999571,1
2.687361e-06,0
4.223251e-05,0
0.0028016742,0
3.84968e-05,0
5.910273e-06,0
1.5422935e-05,0
0.00026007558,0
1.6440787e-05,0
1.8350836e-05,0
0.9999993,1
0.9936711,1
1.9297358e-05,0
6.3477823e-06,0
0.011370213,0
3.80284e-05,0
0.005265948,0
6.4455376e-06,0
4.550477e-06,0
0.9897626,1
2.530503e-05,0
0.99986005,1
0.9999895,1
0.99992156,1
1.4782789e-05,0
4.368056e-05,0
0.99997014,1
0.0007489948,0
6.692844e-06,0
5.790511e-05,0
3.8152702e-05,0
1.0101311e-06,0
3.1215304e-06,0
1.6120415e-05,0
2.520796e-05,0
0.00015163345,0
0.999994,1
5.55318e-06,0
5.213951e-06,0
4.267028e-06,0
0.005586321,0
0.9998037,1
2.9306955e-05,0
5.7780664e-05,0
6.441937e-06,0
3.6334447e-06,0
5.6582747e-05,0
9.978205e-05,0
1.9986276e-06,0
2.6303882e-05,0
4.728427e-06,0
0.9979351,1
0.97375387,1
0.99992114,1
2.4090268e-05,0
4.1214457e-06,0
0.99997216,1
2.204524e-06,0
0.00082625914,0
1.507527e-05,0
5.7950297e-06,0
0.20533226,1
0.0005644097,0
4.757629e-06,0
0.00014241297,0
1.528439e-06,0
0.0001052024,0
0.9999485,1
0.00052666606,0
2.3139544e-05,0
1.5960704e-06,0
0.99993104,1
3.214561e-05,0
6.2721247e-06,0
1.613681e-05,0
0.999975,1
5.7403526e-05,0
0.99924165,1
2.890135e-05,0
5.634715e-06,0
0.00014202134,0
4.559281e-07,0
0.99911374,1
2.5342872e-05,0
1.919776e-05,0
8.009144e-06,0
2.2441001e-05,0
8.301476e-06,0
0.00026455347,0
5.3599022e-05,0
3.116049e-05,0
0.00061086967,0
1.3351654e-05,0
6.406196e-05,0
0.0002681347,0
3.1676573e-05,0
4.5387696e-05,0
3.5224122e-05,0
0.9995038,1
0.00017799395,0
5.1633495e-05,0
7.887984e-05,0
6.1462226e-05,0
4.589295e-06,0
0.9999859,1
0.99993974,1
3.5280798e-06,0
3.757462e-05,0
2.762329e-06,0
1.6973197e-05,0
1.245747e-05,0
1.2092485e-06,0
1.6801432e-06,0
1.1163784e-06,0
1.6202284e-05,0
0.00015835858,0
0.9997271,1
0.00012990677,0
1.3709441e-06,0
6.965781e-05,0
0.00069255085,0
2.3072864e-05,0
0.0006172986,0
1.1556428e-06,0
2.173542e-06,0
0.9999936,1
8.7726825e-05,0
0.9990728,1
1.9198182e-05,0
0.0002690317,0
3.1040283e-05,0
9.845621e-06,0
0.9998987,1
0.0001470674,0
9.9169665e-06,0
0.003778261,0
5.5970377e-06,0
2.815049e-05,0
8.717043e-06,0
3.2392816e-06,0
0.9985444,1
0.99999166,1
7.045246e-07,0
1.5337395e-06,0
1.4720369e-05,0
0.99999493,1
8.3700994e-05,0
7.6474174e-07,0
0.9999921,1
9.808341e-06,0
6.5351676e-05,0
9.936364e-06,0
0.99999285,1
7.484645e-06,0
3.7544178e-05,0
2.5617474e-05,0
0.999996,1
7.3449633e-06,0
1.2193047e-06,0
6.577016e-06,0
0.9999855,1
0.99999857,1
0.00025133436,0
1.2260257e-06,0
0.0007491954,0
0.99994487,1
1.1357358e-05,0
9.082778e-05,0
0.008467037,0
4.753973e-07,0
1.400179e-05,0
2.3966442e-05,0
0.99980634,1
0.99786395,1
9.685447e-07,0
3.263488e-05,0
2.3964885e-05,0
0.00013422214,0
0.99828845,1
0.0023361826,0
1.728084e-06,0
0.00010589729,0
0.999954,1
4.2023143e-07,0
1.6728793e-05,0
0.9999814,1
0.6391876,1
6.245416e-07,0
7.6653974e-05,0
1.7772212e-05,0
6.502593e-06,0
0.00047069963,0
0.9964173,1
1.7964887e-05,0
0.9892931,1
0.999948,1
4.595103e-05,0
2.0767359e-06,0
6.611081e-05,0
0.00013276022,0
3.4819416e-06,0
3.7919686e-05,0
1.1462053e-05,0
0.9995952,1
3.529776e-06,0
7.329516e-05,0
2.1271879e-05,0
2.671221e-05,0
1.6917638e-05,0
8.677377e-07,0
1.41654045e-05,0
1.4027045e-06,0
0.9883258,1
6.3925495e-06,0
8.547656e-07,0
6.1660635e-06,0
7.816244e-05,0
3.1645213e-06,0
0.0054817568,0
4.747223e-06,0
4.3943774e-06,0
2.7509693e-06,0
0.99996156,1
3.0052697e-05,0
0.0007283714,0
0.0031610646,0
4.662613e-05,0
2.5305317e-05,0
0.9992623,1
0.001176338,0
1.410482e-06,0
0.9996314,1
1.2699202e-06,0
5.183755e-05,0
7.180191e-05,0
1.1410021e-05,0
2.2996553e-06,0
1.0755311e-06,0
0.999468,1
0.99999833,1
6.3939646e-05,0
1.7301073e-06,0
2.4544346e-05,0
8.170056e-07,0
1.2384977e-06,0
4.4830144e-06,0
2.2680593e-05,0
0.0020877637,0
9.860128e-07,0
4.2484353e-06,0
0.00033711232,0
1.975484e-05,0
3.088381e-06,0
1.764804e-05,0
0.00018282642,0
1.7634768e-05,0
1.3114881e-06,0
0.047377784,0
1.3025897e-05,0
4.4949375e-06,0
2.68671e-06,0
0.99999285,1
0.0002513406,0
0.9996397,1
4.894236e-06,0
3.6925416e-05,0
4.269573e-05,0
0.99989825,1
1.2821177e-05,0
8.366672e-06,0
2.555743e-06,0
5.8562106e-05,0
0.00038812627,0
0.00011767219,0
0.9995894,1
0.99721485,1
0.9998975,1
0.9995268,1
5.94093e-06,0
6.443306e-05,0
3.7176587e-06,0
3.0958502e-06,0
1.624525e-05,0
0.005790834,0
0.99999493,1
0.9999878,1
0.002416721,0
0.99995995,1
6.614203e-05,0
8.542133e-06,0
2.4310071e-05,0
0.9980919,1
7.4475342e-06,0
2.6147516e-05,0
0.007920271,0
2.946431e-06,0
0.00027746797,0
1.9478698e-06,0
0.99994993,1
5.4256484e-06,0
1.47987985e-05,0
3.6079791e-06,0
0.00097083504,0
2.6750085e-06,0
5.9340105e-06,0
0.9999974,1
2.5609868e-06,0
0.00046397766,0
0.9999425,1
0.00012182733,0
2.1981434e-05,0
4.379925e-07,0
5.7834854e-06,0
5.4245465e-06,0
0.99995303,1
0.000108495784,0
7.325935e-06,0
5.5006487e-05,0
1.5047257e-06,0
3.2229348e-06,0
0.9998574,1
1.6782866e-05,0
1.9513693e-05,0
0.9999625,1
0.9999625,1
2.9605837e-05,0
0.99998456,1
1.3543814e-05,0
0.99995804,1
4.26434e-05,0
1.9430112e-05,0
0.018546673,0
1.3944815e-06,0
8.004547e-06,0
8.121826e-05,0
0.9994727,1
0.9999922,1
3.1105414e-05,0
5.3139734e-06,0
3.5340302e-06,0
3.503498e-05,0
8.268094e-06,0
0.9999969,1
0.9999983,1
0.99998784,1
7.8935605e-05,0
0.9998128,1
0.9999959,1
3.3819408e-06,0
5.956537e-06,0
4.8902115e-05,0
0.00020970627,0
2.7622324e-05,0
0.99343127,1
8.18997e-06,0
0.99965113,1
9.981347e-05,0
0.00030551114,0
0.00088288385,0
0.9960549,1
0.9999132,1
1.542598e-05,0
5.0941076e-06,0
0.011511686,0
3.494622e-05,0
0.9999735,1
7.080945e-06,0
1.915367e-05,0
0.00032566735,0
7.420619e-05,0
7.7077355e-05,0
1.8359624e-07,0
7.925141e-06,0
7.411573e-07,0
3.330281e-05,0
0.0003637981,0
0.9999926,1
2.204511e-05,0
8.458855e-06,0
1.4638962e-05,0
0.99998313,1
0.9999714,1
3.8600942e-06,0
1.822471e-05,0
0.00053205556,0
8.512288e-06,0
3.060774e-05,0
0.00016517313,0
0.9999888,1
3.457149e-05,0
0.99993515,1
4.267834e-06,0
2.4141462e-05,0
2.012575e-06,0
1.5155055e-05,0
1.8007322e-05,0
0.001938789,0
0.0007822802,0
0.9998832,1
1.6158692e-05,0
0.00015817539,0
1.0299696e-06,0
2.8195736e-06,0
3.2880922e-05,0
8.63522e-06,0
1.7117342e-06,0
0.0060826167,0
4.1534295e-06,0
7.348846e-06,0
0.9999492,1
4.045954e-05,0
0.9998872,1
0.0014337915,0
7.550157e-05,0
0.99985725,1
6.832754e-05,0
9.618665e-07,0
1.0079083e-06,0
0.0004417327,0
2.4683889e-06,0
7.4481824e-05,0
4.2570304e-05,0
1.3093899e-06,0
6.559126e-06,0
5.948663e-06,0
1.2710203e-06,0
2.0110047e-05,0
0.9898451,1
0.00030227145,0
1.5458836e-05,0
1.8760315e-05,0
0.96969944,1
1.6724038e-05,0
1.1492307e-05,0
0.004386212,0
1.9077988e-06,0
0.00023481592,0
3.9010392e-06,0
1.1438478e-05,0
4.092427e-06,0
0.00037206546,0
0.0005837198,0
6.670437e-05,0
0.9999812,1
5.565326e-06,0
0.0001598101,0
0.0018078327,0
0.0012547803,0
3.1894884e-05,0
0.9999984,1
2.6723335e-06,0
0.99942327,1
1.4118846e-05,0
9.369192e-05,0
0.00026021173,0
0.0013731904,0
4.7593105e-05,0
0.00031842547,0
1.3029861e-05,0
3.827674e-06,0
5.724863e-06,0
6.9629794e-05,0
7.829555e-06,0
4.0952338e-05,0
1.0418065e-06,0
0.99999785,1
0.92352587,1
6.471802e-06,0
1.2597828e-06,0
2.5225884e-06,0
2.610422e-06,0
3.1076328e-05,0
7.528891e-05,0
3.467927e-05,0
2.0636624e-05,0
0.9998819,1
7.531408e-06,0
1.5423155e-05,0
1.7421359e-06,0
2.284222e-05,0
0.9999011,1
0.00037019365,0
3.2157448e-05,0
4.8329694e-05,0
0.9999974,1
2.5670631e-06,0
5.126268e-06,0
4.5782353e-06,0
0.99938995,1
6.246212e-06,0
0.00010076934,0
4.421137e-06,0
4.3010605e-05,0
0.99905735,1
6.8589143e-06,0
0.9999806,1
0.9999817,1
1.5549056e-05,0
2.6085278e-05,0
0.9999769,1
1.8323415e-05,0
0.99993867,1
0.0002654357,0
3.7016223e-06,0
0.0034458323,0
7.1679125e-07,0
0.9999916,1
6.826912e-05,0
3.9230436e-06,0
8.434592e-06,0
0.9999444,1
9.02153e-06,0
4.3903688e-06,0
0.000138958,0
7.1949177e-07,0
1.6493756e-06,0
0.00023343212,0
6.8861204e-06,0
1.1308409e-05,0
0.9998996,1
0.9998305,1
0.999901,1
0.0005768564,0
2.7845364e-05,0
0.00031463048,0
0.99999017,1
0.9999976,1
5.008733e-05,0
0.9999688,1
1.7777216e-06,0
0.0004523592,0
1.3621989e-05,0
8.1940736e-05,0
0.9999955,1
4.5690626e-06,0
0.9999897,1
6.810318e-05,0
1.1858735e-05,0
0.99999505,1
0.9999938,1
1.12061e-05,0
1.3828664e-05,0
1.1377317e-06,0
0.9999935,1
7.366893e-06,0
1.3132291e-05,0
0.8834796,1
1.1798645e-05,0
1.579106e-06,0
4.9414917e-05,0
8.1809385e-06,0
0.0013642624,0
1.2103262e-06,0
0.00012454738,0
1.8569857e-06,0
0.00021637934,0
6.629307e-06,0
0.9995296,1
2.8452529e-05,0
7.4819473e-06,0
2.8188476e-06,0
1.5079564e-06,0
0.9859198,1
8.485485e-06,0
1.4683062e-05,0
1.0473998e-05,0
9.621054e-06,0
2.6135525e-05,0
5.0968288e-06,0
0.000361609,0
4.781641e-06,0
1.4337285e-05,0
1.1799938e-05,0
0.09705406,0
2.4261617e-05,0
0.99967974,1
0.0017570559,0
2.4716117e-05,0
0.00011339419,0
4.247653e-06,0
3.6561496e-06,0
0.9999981,1
3.0416015e-05,0
5.33307e-07,0
2.5657375e-05,0
0.000852732,0
2.8190787e-05,0
3.1002883e-06,0
0.9999459,1
4.226885e-05,0
0.9995666,1
0.99997354,1
0.99913806,1
2.6311566e-06,0
0.9993784,1
0.9994698,1
1.1561286e-05,0
0.003658103,0
0.0003316632,0
2.3124609e-05,0
1.0432409e-05,0
0.0025541952,0
2.0592272e-06,0
6.924567e-05,0
0.00013390587,0
1.361807e-06,0
2.7743657e-05,0
8.600967e-05,0
1.4536298e-06,0
4.4553835e-06,0
1.8850935e-05,0
2.225951e-05,0
1.5974014e-06,0
1.0524727e-06,0
0.99998426,1
0.00014260241,0
7.9989395e-06,0
0.99999744,1
1.5947817e-06,0
1.4293734e-06,0
0.00017501113,0
0.0015162649,0
2.666215e-05,0
4.0529707e-05,0
0.99998426,1
0.9999779,1
0.99983835,1
2.4419927e-05,0
4.602694e-06,0
1.1640365e-05,0
0.9999921,1
1.347994e-05,0
1.3310666e-05,0
4.361403e-06,0
4.4338536e-05,0
2.4218698e-06,0
1.1584263e-05,0
0.0005923285,0
0.9999931,1
2.350186e-06,0
0.0007464019,0
8.892527e-05,0
8.512272e-06,0
0.99984527,1
0.00011003248,0
1.1949578e-05,0
9.0949026e-05,0
2.7605195e-06,0
8.281993e-05,0
0.99997836,1
0.9999838,1
3.0010886e-05,0
4.0426024e-05,0
0.9998401,1
1.1132485e-06,0
4.1791702e-07,0
5.7636194e-06,0
1.901644e-05,0
0.0004577601,0
0.9999969,1
5.178085e-06,0
8.2902116e-05,0
0.9999881,1
2.583279e-06,0
0.9999554,1
2.3938801e-05,0
8.789843e-06,0
4.2792412e-06,0
4.503257e-05,0
2.2257582e-05,0
0.00079823163,0
3.6669326e-06,0
5.6856595e-07,0
0.9686287,1
1.780047e-05,0
4.2188196e-05,0
0.002206048,0
0.99995583,1
3.3779143e-05,0
0.9999261,1
0.9993288,1
0.00011861252,0
6.298396e-05,0
6.7764785e-07,0
0.00060323253,0
6.2819614e-05,0
3.116652e-05,0
1.4532457e-05,0
5.3225212e-05,0
0.9999454,1
4.541135e-06,0
1.0011335e-05,0
9.728781e-07,0
1.1999654e-05,0
3.7229536e-05,0
0.00031091328,0
1.1646433e-06,0
0.99999976,1
0.00012667844,0
4.5031652e-07,0
0.00017304924,0
2.16376e-05,0
1.3135284e-05,0
0.99998903,1
0.9998596,1
9.544299e-06,0
0.00027708412,0
0.00011323546,0
2.7543754e-05,0
0.0001449439,0
7.802371e-06,0
1.8004467e-07,0
0.9989616,1
1.4382382e-06,0
1.0440391e-05,0
5.8169176e-06,0
1.617078e-05,0
0.000101844045,0
1.9236477e-06,0
2.6419632e-06,0
0.9995105,1
0.9999787,1
0.00010161133,0
2.4955473e-06,0
1.7684702e-05,0
0.017272199,0
0.9999945,1
5.1022666e-06,0
0.00018374513,0
0.9890788,1
5.823609e-05,0
1.2561258e-05,0
2.1649676e-05,0
0.00013260043,0
1.1795404e-05,0
0.99996495,1
0.9999973,1
2.0098543e-05,0
2.9745543e-06,0
9.387606e-06,0
0.87613803,1
1.0875773e-06,0
0.0038291842,0
0.9999881,1
0.025918325,0
3.9428774e-06,0
0.99989825,1
5.8255755e-05,0
0.99999213,1
0.00025267556,0
1.43851385e-05,0
0.00026152396,0
3.8705075e-06,0
7.3507945e-05,0
1.3267551e-06,0
5.0996205e-06,0
6.437447e-06,0
1.1109873e-05,0
5.6721424e-06,0
2.1958158e-05,0
0.0011407047,0
0.9990967,1
0.0073222723,0
0.99983615,1
1.0059771e-05,0
8.721092e-06,0
1.30849e-05,0
0.0025021953,0
4.43586e-06,0
0.00021566467,0
7.1296176e-06,0
0.0010692028,0
0.99998593,1
4.7755802e-06,0
1.0124611e-05,0
4.7232345e-05,0
9.086822e-05,0
4.9085826e-05,0
1.2004286e-06,0
0.037005726,0
2.9260906e-05,0
9.994249e-06,0
7.503267e-05,0
0.0004656314,0
1.272023e-06,0
1.8653756e-05,0
1.3858699e-05,0
0.00018189962,0
0.9998963,1
1.269224e-06,0
0.0011823829,0
1.7691129e-05,0
0.99950385,1
0.00037320345,0
0.9998276,1
0.0001425975,0
1.6375705e-05,0
5.8868604e-06,0
0.99998456,1
1.9728388e-05,0
1.1706358e-05,0
7.9136015e-07,0
3.147e-06,0
5.8978232e-05,0
0.9999347,1
0.000107874344,0
9.299729e-06,0
4.5351655e-05,0
0.9999833,1
5.677056e-05,0
8.781474e-06,0
0.99997836,1
0.00030696657,0
3.1695403e-05,0
3.1787042e-06,0
0.9997371,1
0.00015427171,0
2.0871996e-06,0
7.813795e-06,0
1.0056232e-06,0
0.99997586,1
2.8817958e-05,0
0.00046464067,0
0.9999974,1
1.2719626e-06,0
0.9999862,1
1.0752481e-06,0
9.444416e-07,0
0.99998456,1
8.230452e-07,0
2.439544e-05,0
8.2389414e-07,0
4.2487472e-06,0
2.2784586e-06,0
4.9631935e-06,0
0.9996724,1
0.046778157,0
1.4101636e-05,0
0.00042497553,0
1.9250852e-05,0
7.212719e-05,0
4.1531106e-07,0
0.99998695,1
0.9999671,1
5.919917e-05,0
3.7894067e-06,0
2.1015721e-05,0
0.9999764,1
2.7632984e-06,0
3.6889985e-06,0
0.9999563,1
2.191523e-05,0
0.9997383,1
6.116586e-06,0
0.99955183,1
1.6088785e-06,0
0.9998424,1
0.9999245,1
0.99730873,1
0.9988875,1
3.5087323e-06,0
3.9027385e-05,0
0.00014082842,0
7.488385e-05,0
9.3939634e-05,0
5.46056e-07,0
6.558911e-05,0
6.3931043e-06,0
3.6397668e-07,0
8.344416e-06,0
3.9182058e-07,0
1.2218191e-05,0
1.0383536e-06,0
0.9999983,1
3.2462613e-06,0
6.103814e-07,0
4.962271e-06,0
0.99935406,1
0.0016921364,0
0.99999017,1
4.9782257e-06,0
0.0005450579,0
8.079763e-06,0
0.0020709746,0
9.127622e-05,0
1.5521337e-05,0
0.9966903,1
7.5270996e-06,0
7.3023107e-06,0
0.0003187435,0
1.9155059e-05,0
1.1981264e-06,0
0.9999778,1
1.415483e-05,0
4.595076e-06,0
3.1149943e-05,0
0.00021868886,0
0.0013038235,0
0.00638013,0
4.465124e-06,0
6.8441994e-07,0
4.746755e-05,0
1.3699321e-05,0
6.289767e-07,0
3.1780858e-06,0
2.347322e-05,0
1.955686e-05,0
5.4475545e-06,0
2.0663465e-05,0
8.4658195e-06,0
0.00024888938,0
1.8575719e-06,0
2.2137917e-06,0
2.093291e-05,0
0.9999911,1
1.0848004e-05,0
0.99987817,1
9.026427e-06,0
4.252306e-06,0
2.7664506e-05,0
3.3283886e-06,0
2.0627553e-05,0
9.187538e-06,0
0.00015810979,0
0.0042495155,0
2.2858667e-05,0
2.6487976e-06,0
2.8260745e-05,0
0.0006159167,0
6.4732245e-05,0
5.2281466e-06,0
1.9382585e-05,0
2.3303314e-06,0
6.069173e-05,0
4.5531383e-06,0
0.9999585,1
0.94179755,1
2.5044712e-06,0
1.2405497e-05,0
0.87399334,1
1.1593772e-06,0
0.0005993936,0
0.9999244,1
5.324601e-06,0
0.00011474229,0
6.984514e-06,0
0.9999945,1
1.2127213e-05,0
2.933893e-07,0
7.751317e-06,0
0.00020335366,0
0.99998283,1
4.045796e-05,0
0.9999554,1
0.00011302725,0
1.8272514e-05,0
2.3145301e-05,0
0.99695426,1
0.99992496,1
0.00255866,0
0.99996257,1
1.4932921e-06,0
5.744569e-05,0
2.6926666e-05,0
8.90673e-06,0
1.9868314e-05,0
0.00035081196,0
0.99994916,1
8.95784e-06,0
4.447503e-05,0
0.39005852,0
0.9999733,1
2.9241126e-05,0
1.3613839e-06,0
5.9806316e-05,0
3.450104e-05,0
4.775792e-05,0
0.00012615984,0
4.1598443e-05,0
2.4497063e-05,0
0.00014599519,0
0.00026435804,0
0.014358764,0
0.99972826,1
2.3852342e-06,0
0.9998663,1
0.99723583,1
9.0388254e-05,0
1.1028085e-05,0
0.0009725499,0
0.99986345,1
7.444744e-06,0
0.00020092218,0
0.90675783,1
0.99534005,1
1.0262251e-05,0
0.00047441587,0
4.5465645e-06,0
5.409609e-07,0
1.9516632e-05,0
1.9883002e-05,0
1.5213568e-06,0
2.805797e-07,0
6.5726796e-05,0
7.3503375e-06,0
1.1693382e-05,0
7.9476325e-05,0
2.700546e-05,0
0.9520466,1
0.00030555043,0
3.5607698e-06,0
0.00025030607,0
0.99980754,1
2.8390657e-06,0
9.326187e-06,0
0.00042356423,0
3.1043737e-06,0
4.7609177e-05,0
4.6338846e-05,0
4.252602e-06,0
0.9999778,1
6.1133425e-05,0
9.5277655e-06,0
3.1975254e-05,0
0.0071552345,0
0.00014452876,0
0.07143756,0
0.9998505,1
0.9999955,1
0.999993,1
0.0024142289,0
0.9999463,1
0.98950464,1
3.655278e-06,0
0.0003368295,0
7.0420015e-07,0
2.9499844e-05,0
4.0264026e-06,0
0.9989467,1
4.3707755e-06,0
7.700728e-06,0
2.3126571e-05,0
0.0005440688,0
2.7614726e-06,0
4.2483236e-05,0
0.9995125,1
0.00010570781,0
2.5128545e-06,0
1.3434675e-05,0
8.4097127e-07,0
2.9705732e-05,0
0.9999984,1
1.199963e-05,0
0.9990695,1
0.0056505823,0
0.99998045,1
0.99392724,1
0.9999914,1
3.1804386e-06,0
1.10598385e-05,0
0.9993908,1
3.6543681e-06,0
4.54425e-06,0
5.600626e-06,0
0.00017327133,0
0.99594694,1
4.2728675e-06,0
1.3356583e-06,0
0.9999226,1
2.3113671e-05,0
9.071308e-06,0
4.026735e-05,0
1.4140623e-05,0
0.9999747,1
3.2084597e-06,0
6.513721e-06,0
6.676913e-06,0
1.33960375e-05,0
4.165008e-06,0
0.999918,1
0.0027341528,0
0.0003015898,0
0.99996394,1
1.2135288e-06,0
4.187978e-06,0
2.4031024e-05,0
0.00016999182,0
0.99988383,1
1.0770702e-05,0
0.0004233095,0
4.8677106e-05,0
0.00020188733,0
1.579051e-05,0
0.99999505,1
0.99987525,1
0.9999903,1
0.99997044,1
0.00013367456,0
2.1198894e-05,0
1.4553748e-06,0
2.3154576e-05,0
0.9998534,1
2.0592272e-06,0
0.9999525,1
4.9828497e-05,0
0.13935488,0
0.9998476,1
0.99997115,1
0.9999957,1
0.99999785,1
7.1842537e-06,0
0.006393511,0
5.1754618e-05,0
0.9999998,1
0.0002735268,0
9.275203e-06,0
0.00031174973,0
0.00038614054,0
0.00021167676,0
6.773562e-05,0
0.9999776,1
0.025727844,0
4.860309e-06,0
0.9971585,1
0.00014756032,0
6.0000716e-06,0
7.2238494e-05,0
0.9997391,1
3.0919655e-05,0
1.1532863e-05,0
0.9999854,1
0.9997347,1
0.98959893,1
0.9997392,1
3.2461017e-07,0
5.8281654e-05,0
1.1902117e-05,0
0.9999978,1
0.00018834525,0
5.887343e-05,0
0.0001807766,0
0.00012563175,0
5.720297e-05,0
2.5369793e-06,0
0.9999819,1
0.99978405,1
9.138751e-07,0
0.003961145,0
1.6319736e-05,0
0.9998274,1
2.605547e-06,0
1.3876283e-06,0
2.8913498e-06,0
0.00021243213,0
5.1713832e-06,0
0.000102788086,0
3.382138e-06,0
6.8191093e-06,0
6.118481e-05,0
0.00012509286,0
2.4107073e-06,0
1.4536726e-05,0
1.4903704e-05,0
1.7377603e-06,0
1.9015612e-06,0
0.9999067,1
4.143683e-05,0
2.1380474e-06,0
8.687362e-05,0
0.0012443152,0
0.98189324,1
2.2452283e-05,0
1.0326643e-05,0
1.254066e-05,0
1.7780892e-05,0
2.8800734e-05,0
0.002790111,0
0.017638415,0
1.5602724e-05,0
2.752926e-05,0
3.8945367e-05,0
9.248256e-06,0
1.144866e-05,0
0.9999892,1
0.99997807,1
1.272622e-05,0
4.6409568e-07,0
0.00013151635,0
7.630366e-06,0
1.3894404e-05,0
4.0236988e-05,0
1.5388072e-05,0
0.99999887,1
0.99999356,1
0.9991259,1
1.5804748e-05,0
7.691574e-05,0
7.786828e-05,0
0.00015613325,0
0.9999895,1
0.00011453099,0
2.4136976e-05,0
2.996512e-06,0
0.9997831,1
1.2262104e-06,0
5.7182538e-06,0
7.4221117e-07,0
0.00024047085,0
1.9354432e-06,0
9.200567e-06,0
0.9996535,1
1.5457391e-07,0
9.00322e-05,0
0.99999875,1
4.698364e-06,0
0.99999523,1
1.7412209e-05,0
2.5008098e-05,0
2.3320892e-05,0
0.00015894813,0
6.4779556e-07,0
1.1965498e-05,0
3.5151676e-05,0
0.00024789377,0
1.3991627e-06,0
5.5958357e-05,0
5.099144e-06,0
0.9935045,1
0.9995153,1
1.394151e-05,0
0.00013036268,0
0.99992913,1
7.1267764e-06,0
2.2643117e-05,0
2.4618437e-06,0
0.0010243464,0
0.99974436,1
0.9973876,1
0.0015981916,0
9.099546e-06,0
0.9997414,1
0.99940556,1
2.1023718e-05,0
0.02550971,0
6.5847125e-05,0
0.99963784,1
0.99999934,1
0.9253722,1
5.206098e-07,0
0.0012030699,0
4.1451276e-06,0
0.999993,1
2.2647002e-06,0
0.0009132765,0
0.999996,1
0.000100380916,0
2.5202316e-06,0
0.9999359,1
1.8575188e-06,0
9.355051e-05,0
4.449379e-06,0
0.00010315896,0
0.99996537,1
0.9994679,1
1.1822398e-05,0
0.99999404,1
0.00011545668,0
0.01368734,0
0.9999802,1
1.186768e-06,0
1.7872513e-06,0
0.00034054232,0
6.7512897e-06,0
0.00024957708,0
4.2293846e-07,0
0.9992643,1
3.0220078e-06,0
0.001402222,0
3.9094752e-07,0
0.00023974903,0
0.99999493,1
0.0013830945,0
4.2088093e-05,0
6.4928486e-07,0
1.155086e-05,0
3.5280461e-06,0
0.9953595,1
1.3584769e-05,0
1.7018378e-06,0
1.5827635e-06,0
1.8314664e-05,0
4.3839722e-05,0
0.99996203,1
4.3485074e-06,0
0.9982185,1
0.99984217,1
5.2067975e-07,0
1.3517351e-06,0
0.9999881,1
6.0174963e-05,0
0.99993294,1
0.00023848395,0
4.3237624e-06,0
4.9413175e-06,0
0.00028478118,0
0.99999744,1
0.00014324307,0
0.9999253,1
0.99999714,1
3.0868644e-06,0
0.00017739668,0
3.1119565e-05,0
0.00014460155,0
2.5788197e-05,0
3.1540667e-06,0
0.99816424,1
0.012012788,0
3.620057e-05,0
0.99991876,1
4.6902387e-06,0
0.9999979,1
0.99721223,1
3.1048956e-05,0
5.569908e-06,0
1.28863785e-05,0
1.0443059e-05,0
7.9433055e-05,0
8.515968e-05,0
0.0003748853,0
0.00030052094,0
3.4271823e-05,0
2.2130446e-06,0
6.115151e-06,0
3.7913985e-06,0
3.4993773e-05,0
0.9999013,1
4.4934828e-07,0
0.99999905,1
2.1578417e-05,0
0.9999797,1
6.4096e-05,0
7.6332515e-05,0
2.072002e-05,0
3.453946e-05,0
0.00064707873,0
5.449918e-06,0
0.00015186395,0
4.2587886e-05,0
0.0011731599,0
5.1128085e-05,0
0.00018465969,0
2.164199e-06,0
1.7556555e-06,0
1.5582353e-05,0
2.9510459e-06,0
3.2960095e-05,0
3.119227e-05,0
5.3696126e-06,0
6.744178e-07,0
0.00023793818,0
1.03273915e-05,0
0.00047578404,0
0.9999418,1
3.6149056e-06,0
7.1538096e-05,0
0.999873,1
0.99973506,1
0.0001563451,0
0.00013275452,0
1.7322965e-06,0
2.7904936e-05,0
7.363051e-06,0
1.5523765e-05,0
0.99990654,1
0.0006171983,0
0.0007589405,0
0.00044401814,0
9.862791e-06,0
3.3342152e-05,0
0.9995629,1
0.00054790004,0
4.609094e-06,0
2.2081991e-05,0
1.2706222e-05,0
0.99996305,1
2.1061967e-05,0
0.99989295,1
3.8352096e-05,0
0.0029660717,0
2.640117e-07,0
7.9038114e-07,0
1.055208e-05,0
0.0033930873,0
4.9249695e-05,0
1.0477735e-05,0
1.6072039e-07,0
4.855056e-06,0
0.00052176684,0
1.3505559e-05,0
2.4814576e-06,0
0.6754429,1
0.00014347573,0
1.2782963e-05,0
8.073495e-05,0
5.0131963e-05,0
0.9999992,1
0.99971956,1
8.099319e-06,0
0.00019141287,0
6.0381266e-05,0
2.5031102e-06,0
5.246777e-06,0
3.1420607e-06,0
2.5707452e-06,0
0.9999916,1
2.1332041e-06,0
1.1302361e-05,0
1.1681311e-05,0
0.9964819,1
0.00012997455,0
7.976087e-06,0
2.652477e-05,0
0.9992036,1
0.9999679,1
8.427661e-05,0
1.4784833e-05,0
3.912584e-05,0
9.582734e-05,0
0.0027833062,0
4.3349788e-05,0
1.3689591e-05,0
1.2032967e-05,0
0.99999267,1
4.3954296e-05,0
0.00015342745,0
0.99969125,1
2.079096e-05,0
1.4959168e-05,0
0.000189417,0
0.99998784,1
3.6840163e-07,0
0.9993844,1
0.98342687,1
6.5937147e-06,0
4.4006892e-06,0
4.6207694e-07,0
6.6606567e-06,0
2.5397583e-06,0
0.00016128445,0
0.9999628,1
8.61303e-06,0
0.00011957725,0
1.6517208e-05,0
4.696241e-06,0
1.0688414e-05,0
3.747131e-06,0
7.780696e-06,0
0.9995542,1
0.9998765,1
4.1747566e-07,0
0.99998635,1
6.639594e-07,0
0.0008782407,0
3.9294086e-06,0
5.9896265e-06,0
0.000234485,0
4.3010687e-06,0
0.00015632795,0
2.5773508e-07,0
8.006853e-07,0
1.5118995e-05,0
8.5362204e-05,0
1.6292975e-05,0
0.99999684,1
2.9458806e-06,0
4.9476355e-05,0
2.7988938e-06,0
0.0005021682,0
0.00016588671,0
1.5566193e-05,0
0.00050389627,0
1.3471818e-05,0
4.82222e-05,0
0.99839264,1
0.00395382,0
0.9998115,1
1.1550518e-05,0
0.0058858073,0
3.990579e-05,0
3.209935e-06,0
0.9999552,1
2.9494642e-05,0
3.2700333e-05,0
0.00018467236,0
0.9999938,1
0.99998504,1
0.99965304,1
2.5745141e-05,0
9.2190254e-05,0
5.0758454e-06,0
1.5164148e-05,0
2.2803192e-06,0
6.743239e-05,0
1.3696602e-05,0
0.9431851,1
0.00018557753,0
1.9926345e-06,0
0.0002525691,0
1.02857075e-05,0
3.599887e-05,0
0.9999428,1
1.6073654e-05,0
0.017314255,0
3.447378e-05,0
0.0005142713,0
0.9996929,1
4.589642e-05,0
1.0987667e-06,0
4.1574913e-06,0
2.3346414e-05,0
0.0004567853,0
1.49734815e-05,0
0.99986285,1
4.0712275e-06,0
2.8545559e-05,0
0.99767894,1
0.9999549,1
4.0167456e-06,0
5.035087e-06,0
4.926971e-05,0
5.391002e-05,0
1.3830623e-06,0
6.879553e-05,0
0.9988318,1
0.99999076,1
0.9999926,1
0.9999528,1
0.9999911,1
0.9998992,1
5.929694e-06,0
2.1493432e-05,0
0.9999981,1
0.99994296,1
1.9945408e-05,0
5.485323e-06,0
1.1867843e-05,0
2.6359987e-06,0
6.4649885e-07,0
2.5642768e-05,0
2.7321548e-06,0
2.7048452e-05,0
2.5945847e-06,0
0.00027874892,0
0.0018619966,0
0.0002991702,0
1.5859697e-06,0
3.2351136e-06,0
0.00010081921,0
4.8869013e-05,0
0.9999416,1
7.761791e-06,0
1.4321802e-05,0
0.9991153,1
0.0008218047,0
0.000994946,0
2.0235244e-05,0
0.99999875,1
7.0237033e-06,0
4.79804e-06,0
0.9936597,1
2.0610798e-06,0
1.6094607e-05,0
0.00015835103,0
5.188515e-06,0
0.9999239,1
0.0011327292,0
9.867606e-07,0
0.9996519,1
7.465184e-06,0
0.00056431745,0
4.411328e-06,0
8.940813e-06,0
0.9999978,1
3.6190686e-06,0
1.17239215e-05,0
2.385341e-06,0
0.9996502,1
0.0005933846,0
5.419986e-06,0
1.6579374e-06,0
0.00040980906,0
2.3934006e-05,0
0.03533289,0
0.00093766704,0
4.263641e-05,0
4.5791208e-07,0
0.9997757,1
0.9999997,1
0.9999216,1
7.275639e-06,0
5.5863197e-06,0
0.999711,1
9.2831586e-05,0
0.99998283,1
0.002060234,0
3.6634199e-06,0
2.768232e-05,0
3.951019e-06,0
0.0007269373,0
1.955337e-05,0
1.56728e-05,0
0.0011603897,0
0.00020067155,0
0.0003254439,0
2.883481e-05,0
0.00570575,0
1.4958105e-06,0
1.8554242e-06,0
0.00061814225,0
0.99997973,1
0.999996,1
9.326507e-06,0
4.4873654e-05,0
1.1511571e-06,0
0.0003973036,0
2.2949298e-06,0
0.9994135,1
0.055125672,0
0.99996877,1
3.5831254e-05,0
1.2581415e-06,0
7.265224e-05,0
4.90524e-06,0
1.665549e-06,0
1.1350039e-06,0
2.0727568e-05,0
2.9962757e-05,0
0.0001528874,0
1.1261775e-05,0
0.999754,1
0.0003106416,0
1.5266794e-05,0
0.9997204,1
0.0008023978,0
0.00048483035,0
1.261462e-05,0
2.720538e-06,0
1.8170877e-05,0
1.3809364e-06,0
6.2089625e-06,0
0.00011868912,0
2.2218396e-06,0
0.99995947,1
2.4773906e-06,0
1.0514662e-05,0
0.999677,1
5.9324993e-06,0
0.0046935184,0
4.387937e-05,0
2.3426292e-06,0
3.1098414e-05,0
0.037650805,0
6.863807e-05,0
0.9999954,1
7.2202266e-07,0
1.9872368e-05,0
4.4819376e-06,0
1.6001175e-05,0
0.0002081336,0
2.805e-05,0
2.5743697e-05,0
2.0123764e-05,0
1.0825103e-05,0
2.2929189e-05,0
1.7678396e-05,0
1.2881777e-06,0
0.0001582564,0
0.14324425,0
0.9977967,1
0.00861565,0
0.9998649,1
0.99477977,1
4.3684836e-06,0
0.9999916,1
0.99999744,1
9.074795e-05,0
3.9880644e-05,0
0.9995208,1
2.1688045e-06,0
4.4460565e-05,0
0.00033929278,0
3.106012e-05,0
0.011954811,0
2.1648866e-06,0
1.4209686e-05,0
0.00014171629,0
1.6855687e-05,0
6.171996e-07,0
2.8800127e-05,0
1.2744497e-05,0
1.495175e-05,0
0.00016718516,0
3.1811908e-06,0
3.5403145e-06,0
9.4327865e-05,0
7.343103e-07,0
0.0003719378,0
0.99988157,1
2.431496e-05,0
3.1551888e-06,0
8.470091e-06,0
2.0296568e-05,0
6.349312e-05,0
0.00016518495,0
0.99980444,1
6.876198e-06,0
6.8395534e-06,0
7.040577e-06,0
1.3932736e-05,0
0.9942668,1
0.99992085,1
0.99961543,1
0.9998784,1
1.10611045e-05,0
7.1069576e-06,0
0.00062019826,0
0.9972275,1
5.508347e-06,0
0.99580985,1
0.005421174,0
6.376952e-05,0
5.1612533e-06,0
0.00020808597,0
6.8381123e-06,0
0.999912,1
4.490133e-07,0
3.3035988e-06,0
0.99992514,1
0.9999745,1
2.3510385e-05,0
2.5256786e-05,0
2.6156974e-06,0
2.692998e-05,0
0.9999895,1
3.608053e-05,0
4.174631e-06,0
1.2309615e-06,0
1.7811531e-06,0
9.518192e-05,0
5.1972336e-05,0
4.026209e-05,0
0.00010754957,0
3.0582726e-07,0
3.338501e-05,0
0.999938,1
1.2050271e-05,0
0.99996346,1
0.99995184,1
1.468547e-05,0
4.4788325e-05,0
0.9998835,1
0.013063651,0
2.3251894e-05,0
0.00080896233,0
0.00039764505,0
0.9934795,1
1.1708687e-06,0
5.1047606e-05,0
0.022550458,0
3.243566e-05,0
7.1136365e-06,0
6.1649757e-06,0
0.9999809,1
0.00041253588,0
2.2729073e-05,0
3.2369253e-06,0
0.0004473971,0
4.6179366e-07,0
5.117495e-06,0
0.99999636,1
3.6823203e-06,0
1.9914465e-05,0
4.2283285e-05,0
0.9999068,1
0.9967809,1
7.822853e-06,0
0.00028766092,0
0.99999696,1
1.951289e-06,0
7.308794e-05,0
4.6634014e-07,0
0.9987822,1
0.99999064,1
1.49853395e-05,0
0.99988246,1
0.00019014481,0
4.4255326e-06,0
0.00037855582,0
0.030358883,0
5.3021606e-05,0
7.6891105e-05,0
0.99970466,1
4.2283285e-05,0
2.0350133e-06,0
0.00015073518,0
8.3505887e-07,0
4.5588054e-05,0
2.8462977e-05,0
1.2171462e-06,0
2.647333e-07,0
0.99901944,1
0.005846592,0
5.494342e-07,0
2.3389057e-06,0
1.5754546e-05,0
1.1620545e-05,0
7.0595374e-06,0
0.9999717,1
1.4068428e-06,0
0.010153917,0
2.7494103e-05,0
8.841033e-06,0
3.2175576e-05,0
4.5648553e-06,0
7.027973e-05,0
0.0015438361,0
0.0012049485,0
0.9997725,1
1.2106876e-05,0
0.9999683,1
0.998638,1
0.99999523,1
1.7839353e-05,0
0.9998031,1
0.99998593,1
4.823834e-06,0
2.9977155e-06,0
0.9999997,1
0.00019895025,0
0.0006704147,0
2.5849647e-06,0
0.99972767,1
0.0026284654,0
8.115324e-06,0
1.0235831e-05,0
0.0010868614,0
1.147864e-06,0
5.201626e-07,0
1.2793255e-05,0
0.00061198743,0
3.404043e-05,0
0.00091152097,0
0.9999998,1
0.0015407366,0
0.0002848632,0
6.8520166e-07,0
1.1756648e-05,0
0.000107625885,0
0.99992967,1
7.522195e-05,0
5.960641e-05,0
0.99999315,1
2.830838e-05,0
6.8481954e-06,0
0.0004822201,0
2.649839e-06,0
0.000101714664,0
3.5406522e-06,0
1.2659763e-05,0
0.99999666,1
0.00022934265,0
2.3959792e-06,0
3.7791386e-05,0
5.566791e-06,0
8.640484e-06,0
4.17403e-06,0
7.1947034e-06,0
1.1504281e-05,0
3.7525846e-05,0
5.3695865e-05,0
0.9998901,1
6.1818905e-06,0
0.9999993,1
0.99999833,1
0.9999833,1
0.0024783069,0
4.6232646e-05,0
0.99976355,1
0.9999478,1
4.2732586e-06,0
5.805119e-06,0
0.006064408,0
0.9994549,1
1.1080774e-06,0
4.6791947e-06,0
7.431744e-05,0
0.99970967,1
6.1005656e-05,0
9.642738e-07,0
0.00019530246,0
1.8959887e-05,0
2.127965e-05,0
1.7881736e-06,0
0.00012989438,0
2.7417682e-06,0
7.446178e-06,0
7.687358e-06,0
1.9163801e-06,0
0.9999803,1
0.023069246,0
2.411885e-06,0
3.994372e-06,0
7.7326e-06,0
2.7546894e-06,0
0.99965316,1
1.3726613e-05,0
0.99652714,1
1.8154595e-05,0
1.2891022e-05,0
3.5517754e-05,0
7.699222e-06,0
0.9998571,1
2.8283228e-05,0
7.2195703e-06,0
0.00014464278,0
2.5126506e-06,0
1.8620716e-05,0
1.7323346e-06,0
6.2438216e-05,0
5.474587e-07,0
0.0005074549,0
4.308922e-05,0
1.2460668e-05,0
0.00030319128,0
1.1723916e-06,0
0.99998116,1
7.946257e-07,0
5.1073846e-05,0
0.999605,1
2.3865744e-06,0
0.9999941,1
1.8867897e-05,0
1.6416674e-05,0
0.9999175,1
3.5149321e-06,0
3.8671576e-05,0
3.675689e-06,0
0.005253095,0
0.0002445518,0
0.9999943,1
2.577332e-05,0
1.3473503e-06,0
4.1810545e-05,0
1.2677639e-06,0
3.8324128e-05,0
1.2210293e-05,0
0.00017396978,0
0.00019899046,0
0.99985623,1
9.677349e-07,0
1.0972766e-06,0
4.151542e-05,0
0.0001402491,0
0.0019517731,0
0.99995166,1
0.00043138824,0
0.00012337635,0
1.7699313e-05,0
8.504183e-06,0
5.7584873e-07,0
1.7428271e-06,0
4.8072146e-05,0
1.5651442e-05,0
3.0895193e-05,0
2.2029037e-06,0
0.9998638,1
0.00026021223,0
0.00076536386,0
4.7462847e-05,0
2.0147104e-06,0
0.9991749,1
5.3170097e-06,0
5.952989e-05,0
8.677386e-07,0
0.8716313,1
1.0296347e-06,0
0.999983,1
0.00010501407,0
5.621999e-06,0
2.523805e-05,0
1.7501758e-05,0
0.9997186,1
0.9951243,1
1.5489575e-05,0
0.0034301223,0
0.99993783,1
2.7616401e-05,0
0.9985128,1
4.669761e-07,0
0.99999934,1
0.0013636149,0
3.471288e-07,0
0.99947435,1
0.9995716,1
6.271953e-05,0
1.4339978e-05,0
1.4433454e-05,0
1.2024936e-05,0
0.999996,1
9.782509e-07,0
0.000119345765,0
0.00038290993,0
5.5426313e-05,0
5.96204e-05,0
3.36963e-06,0
3.9823983e-05,0
0.99965984,1
9.66835e-06,0
0.99989796,1
1.8821529e-05,0
1.0924529e-05,0
1.2790267e-05,0
0.00015604365,0
4.2195552e-05,0
0.0046584695,0
1.0204768e-05,0
0.99996996,1
0.9995077,1
0.9997441,1
6.076678e-05,0
0.00064222474,0
4.499492e-06,0
2.9338471e-05,0
7.648761e-06,0
9.532747e-06,0
8.9215835e-05,0
1.2004367e-06,0
0.00015121126,0
0.9999048,1
0.00036954612,0
8.086747e-06,0
3.356608e-05,0
0.00039066214,0
1.7562201e-06,0
5.5619353e-06,0
0.999315,1
0.00012675855,0
0.99999833,1
8.3121144e-05,0
0.9990924,1
0.00021177043,0
0.99728423,1
5.339577e-05,0
7.3161677e-06,0
5.182356e-05,0
5.184625e-05,0
1.8514333e-05,0
0.00034128528,0
2.9452282e-05,0
0.0003186168,0
0.0019847956,0
0.9994802,1
1.318941e-06,0
0.9945709,1
0.0013283087,0
6.816587e-06,0
1.9492095e-06,0
3.1924796e-05,0
0.99999636,1
0.00014876116,0
0.23745264,0
4.70531e-06,0
0.00022769025,0
0.000938856,0
1.4470927e-05,0
0.99964255,1
0.00018741442,0
0.99999696,1
1.2343319e-06,0
0.002258102,0
3.6536992e-05,0
0.00043223574,0
1.3816801e-05,0
7.205858e-05,0
3.4144694e-05,0
0.0017825085,0
1.4586537e-05,0
0.9999817,1
2.0309191e-05,0
2.4640187e-06,0
2.4833892e-06,0
0.69854116,1
2.909612e-05,0
1.5492279e-06,0
0.9984786,1
0.9997422,1
0.0012090413,0
1.9478216e-06,0
0.00012486953,0
0.9775775,1
8.926151e-06,0
3.536953e-06,0
1.8130164e-05,0
6.0738395e-05,0
0.9999604,1
3.9295587e-06,0
0.99996257,1
2.2246439e-05,0
2.7487235e-05,0
0.99940795,1
0.9999354,1
8.5676775e-06,0
4.802499e-06,0
0.99888927,1
4.3297896e-05,0
9.0867997e-07,0
0.0019293196,0
7.8744415e-05,0
3.0091212e-05,0
0.9997322,1
5.7740846e-05,0
0.016035827,0
6.556043e-06,0
6.151577e-05,0
1.5219576e-06,0
2.1105304e-06,0
7.8755525e-05,0
2.5345988e-05,0
0.0004350307,0
3.7847328e-06,0
5.3184467e-05,0
5.6118856e-06,0
1.0140285e-06,0
6.600471e-06,0
1.7977878e-05,0
9.537393e-06,0
0.00046226676,0
0.99986815,1
0.0007935109,0
3.8179198e-05,0
1.7810884e-06,0
0.9998872,1
1.4255212e-05,0
0.0005814496,0
1.0554727e-05,0
4.9383925e-06,0
1.714571e-05,0
8.2934675e-06,0
0.99997216,1
0.006299587,0
0.00073238503,0
7.233595e-06,0
2.7083917e-05,0
0.9999926,1
4.091662e-05,0
1.79288e-06,0
1.0716885e-06,0
7.36232e-06,0
2.8434958e-06,0
6.287427e-05,0
0.99998873,1
0.00028358688,0
9.2168943e-07,0
1.372164e-05,0
0.001875616,0
0.9999954,1
5.1071397e-06,0
8.003991e-06,0
0.99997073,1
2.326811e-07,0
0.9997209,1
0.0019156593,0
0.00045436595,0
0.999904,1
6.816587e-06,0
7.042007e-05,0
0.9390537,1
5.4186935e-06,0
1.339259e-05,0
8.331288e-06,0
7.742783e-06,0
0.99996537,1
3.186588e-05,0
0.00021227846,0
3.4984467e-05,0
0.0004842572,0
8.408975e-07,0
1.89103e-05,0
4.0350633e-06,0
0.9999816,1
0.99902755,1
2.2872343e-06,0
0.0003966873,0
6.0532816e-06,0
0.99878544,1
6.036627e-06,0
7.703974e-06,0
2.5403968e-05,0
0.99907184,1
5.6240638e-06,0
2.5180432e-06,0
1.33628755e-05,0
5.0687295e-06,0
0.99716824,1
5.8873542e-05,0
0.9999954,1
0.9995665,1
0.99998665,1
3.4960933e-06,0
0.0012637561,0
9.373784e-06,0
1.5088395e-06,0
1.0641907e-06,0
0.9999945,1
1.628645e-05,0
0.0002786304,0
2.6131936e-05,0
7.763249e-06,0
3.4558307e-06,0
0.99999636,1
0.9999645,1
1.7939486e-06,0
7.161325e-06,0
2.8258588e-05,0
2.1792748e-06,0
5.5276273e-06,0
6.397511e-07,0
0.999995,1
7.72204e-06,0
0.0004889265,0
2.0777918e-05,0
2.5068034e-06,0
1.3594386e-05,0
1.2740355e-05,0
1.3575121e-05,0
2.507858e-06,0
0.0100917015,0
9.235893e-05,0
0.007306567,0
7.3884225e-06,0
0.00054115313,0
1.765597e-05,0
4.1077972e-05,0
0.0057694926,0
8.617911e-06,0
0.9999664,1
1.0750881e-06,0
7.807335e-05,0
1.7065095e-05,0
9.157718e-06,0
2.3721043e-06,0
0.9999984,1
0.9999973,1
0.9999976,1
2.94601e-06,0
0.99824905,1
2.4844034e-05,0
2.3196457e-05,0
1.9452095e-06,0
0.00052281376,0
5.2672826e-06,0
7.39038e-05,0
0.00097223214,0
7.397002e-06,0
2.958676e-05,0
2.7277105e-05,0
1.9563236e-06,0
0.99993867,1
9.97159e-07,0
0.99996305,1
4.161149e-06,0
0.0006119116,0
0.00016230544,0
6.5610907e-06,0
5.648504e-06,0
3.9997e-05,0
7.967096e-05,0
0.9986927,1
0.001468235,0
0.97903854,1
0.99999166,1
2.2613785e-06,0
3.5069643e-05,0
1.530344e-06,0
2.053366e-05,0
1.322836e-05,0
4.1722155e-06,0
7.5747856e-05,0
0.9999545,1
4.648304e-05,0
1.6417283e-05,0
3.2654598e-06,0
4.005059e-05,0
0.0023393633,0
0.99999857,1
0.00316622,0
0.9997421,1
1.3693065e-05,0
0.9999604,1
0.00027303904,0
3.9926577e-05,0
0.008467097,0
0.9570422,1
0.9987119,1
1.1046641e-06,0
0.99999976,1
0.90938073,1
6.64451e-05,0
0.00022962685,0
1.1908906e-05,0
3.933193e-05,0
0.99981683,1
2.2379878e-05,0
3.5208195e-06,0
1.3620079e-05,0
4.4415656e-06,0
0.9999954,1
1.2242486e-06,0
1.8587167e-05,0
8.48263e-06,0
3.695159e-05,0
9.767243e-06,0
5.4320685e-06,0
0.00080590235,0
0.9999873,1
4.3040477e-06,0
0.99997205,1
0.99999785,1
0.9996691,1
0.9998815,1
7.5369694e-06,0
6.479962e-05,0
0.0004915726,0
0.99994564,1
0.9999792,1
0.9920338,1
1.1640515e-06,0
0.00046228178,0
1.4623689e-06,0
9.858912e-05,0
0.004458146,0
1.6420368e-05,0
0.9999878,1
1.182413e-06,0
0.00012999475,0
0.0010468285,0
0.99990386,1
2.9073537e-06,0
9.815507e-07,0
0.9981053,1
0.000114434915,0
0.9999482,1
2.257853e-06,0
0.00037534573,0
1.3633831e-06,0
4.6942627e-05,0
0.00018884933,0
0.99999666,1
1.0091624e-05,0
1.3306047e-06,0
2.5149664e-06,0
1.4187669e-05,0
0.99994725,1
0.9999507,1
6.652214e-06,0
0.99990195,1
3.923109e-05,0
0.9999814,1
4.55607e-06,0
1.6336397e-06,0
0.999841,1
4.403212e-05,0
3.807773e-06,0
1.4026434e-05,0
1.6753074e-05,0
9.4899595e-05,0
0.99988914,1
1.6243855e-05,0
9.360822e-06,0
4.5630164e-05,0
1.1442516e-05,0
2.3241939e-05,0
5.235327e-05,0
0.9998929,1
0.00065615674,0
4.868692e-06,0
1.1165073e-06,0
1.7204036e-05,0
0.00062355975,0
9.026521e-06,0
1.5555555e-06,0
2.0770212e-06,0
1.2797612e-05,0
0.99993014,1
1.46094235e-05,0
1.8041607e-06,0
3.2199453e-06,0
4.9453865e-06,0
9.162007e-06,0
0.99994546,1
0.9995784,1
0.9986021,1
0.99999744,1
0.9993944,1
2.4685887e-06,0
8.826914e-06,0
2.0995553e-06,0
8.990919e-06,0
6.061966e-05,0
4.626926e-06,0
0.99999046,1
2.6217605e-05,0
0.9999916,1
0.9999892,1
0.99995947,1
2.665566e-06,0
1.3635597e-05,0
0.99999166,1
0.9986891,1
1.28065485e-05,0
8.4974096e-07,0
3.4154912e-06,0
4.8844254e-06,0
7.920314e-06,0
0.99993515,1
1.3641137e-05,0
4.299166e-06,0
6.527532e-06,0
2.4651777e-06,0
5.655133e-07,0
7.635687e-06,0
4.015404e-05,0
0.99999255,1
0.0062155817,0
5.7153047e-06,0
1.2108653e-05,0
0.00010525619,0
2.3541609e-06,0
9.871272e-05,0
6.225367e-05,0
4.254364e-05,0
0.00011444965,0
0.00038211176,0
5.368876e-06,0
6.1312227e-07,0
8.569271e-06,0
0.00055695535,0
0.9999852,1
0.55677086,1
9.3159346e-05,0
0.99990207,1
1.9486542e-05,0
3.6375364e-05,0
3.31627e-05,0
0.0021581724,0
0.00025645082,0
0.00085030677,0
0.9996765,1
5.475037e-05,0
0.00014611037,0
1.3986308e-05,0
4.857103e-06,0
0.0043775397,0
0.00022988692,0
3.519696e-05,0
1.1856032e-05,0
0.0021750832,0
0.9995329,1
0.991059,1
8.217705e-05,0
0.9999964,1
1.6984928e-06,0
1.8996936e-05,0
5.492006e-05,0
3.4105371e-06,0
2.03891e-06,0
8.535066e-06,0
0.9998746,1
2.7888063e-06,0
1.5913832e-06,0
0.0018369806,0
2.5504656e-05,0
0.9989579,1
5.8524816e-05,0
1.1189974e-06,0
0.99808455,1
0.009842479,0
5.1913808e-06,0
7.995507e-06,0
2.217039e-06,0
0.0011137495,0
2.7360295e-06,0
7.590845e-05,0
0.0018226053,0
0.9999936,1
1.6620865e-05,0
0.00012068427,0
0.9999192,1
3.0389137e-05,0
9.7092825e-06,0
0.99973255,1
0.99877805,1
2.2672937e-05,0
1.8716819e-05,0
2.1217206e-06,0
2.0436073e-06,0
2.1696653e-05,0
8.954739e-05,0
8.147242e-06,0
2.2607428e-05,0
6.8605354e-06,0
0.9999816,1
1.374594e-06,0
0.00014873051,0
3.8891405e-05,0
3.4359227e-06,0
0.00011189002,0
0.99999017,1
0.99938536,1
9.513829e-06,0
8.862332e-06,0
5.0348423e-05,0
4.1155618e-06,0
0.00011613941,0
2.5832348e-06,0
0.0103990305,0
1.0011716e-05,0
4.256061e-05,0
0.99999076,1
0.0003246348,0
1.0815363e-05,0
4.1670223e-06,0
0.9857208,1
0.9999881,1
0.00039430868,0
2.5468615e-05,0
9.498752e-05,0
0.00013548693,0
0.0052649286,0
0.999996,1
8.950368e-06,0
1.0831133e-05,0
6.529331e-05,0
1.0345688e-05,0
2.9718962e-05,0
3.65857e-05,0
0.0003350852,0
0.9999988,1
7.130074e-07,0
0.99855155,1
0.99922943,1
1.0533197e-05,0
0.999983,1
3.0579947e-06,0
0.99958557,1
0.99942285,1
3.850348e-05,0
2.7495465e-05,0
4.5586756e-05,0
0.9997274,1
1.4365014e-05,0
0.9999862,1
0.9971326,1
4.8038648e-05,0
1.1893165e-05,0
0.99996567,1
5.0981685e-05,0
0.00013880293,0
1.9403577e-05,0
2.12887e-05,0
0.9998763,1
1.1166871e-05,0
5.8601368e-06,0
6.83643e-06,0
1.387961e-05,0
1.8909856e-06,0
0.00037969556,0
6.071819e-05,0
2.5744972e-05,0
0.018645955,0
0.19552703,0
0.9999859,1
2.2449263e-05,0
1.9934152e-05,0
1.1896806e-05,0
4.0484203e-05,0
1.5079121e-05,0
3.2360304e-06,0
2.1745187e-05,0
5.2776704e-06,0
9.340244e-07,0
8.4750845e-06,0
0.00044784704,0
0.9999941,1
0.99986476,1
6.697328e-05,0
7.684485e-05,0
4.115596e-05,0
0.9999984,1
9.945664e-06,0
0.0004258592,0
0.99999875,1
8.672711e-05,0
2.0687046e-06,0
1.31947845e-05,0
0.0036705069,0
0.9999992,1
0.99979883,1
8.3935965e-06,0
1.5718153e-05,0
0.99984103,1
2.762553e-07,0
1.104065e-05,0
0.99996376,1
0.001709342,0
1.9715355e-05,0
7.625769e-06,0
0.00046531775,0
1.7311868e-06,0
0.9999854,1
0.0001421937,0
2.142608e-05,0
4.796215e-06,0
0.99998266,1
0.9998135,1
1.1930058e-06,0
8.754956e-07,0
3.3535205e-05,0
1.1957877e-05,0
1.0120741e-05,0
0.999993,1
0.99999833,1
9.7543225e-06,0
7.899486e-06,0
0.0012186761,0
9.3222417e-07,0
0.0008606201,0
0.9946564,1
0.99876434,1
0.99991876,1
2.1145838e-06,0
1.533308e-05,0
0.9999912,1
0.99963164,1
0.99964696,1
0.0011777837,0
3.3343997e-05,0
0.99084806,1
0.99998266,1
0.007622102,0
2.3244008e-06,0
0.999995,1
0.9999793,1
1.7178281e-05,0
0.00012674936,0
8.898383e-06,0
0.00074189954,0
3.5206951e-06,0
1.9192854e-05,0
0.57843,1
0.9999983,1
3.3884513e-05,0
2.543798e-05,0
3.5467758e-06,0
0.9998853,1
5.8607355e-05,0
3.7375885e-05,0
0.9998328,1
0.9999788,1
0.999984,1
1.3534646e-05,0
0.9986524,1
0.9999979,1
0.9999463,1
6.4093e-06,0
0.9999213,1
3.424558e-06,0
9.907476e-06,0
6.0255375e-06,0
0.00051378185,0
0.0001749766,0
1.0702907e-05,0
1.6957665e-05,0
0.9999992,1
1.9682891e-05,0
0.00017036618,0
6.7285873e-06,0
9.86456e-06,0
1.0234914e-06,0
2.403151e-06,0
0.00033043642,0
1.3041968e-06,0
0.99981517,1
6.1152954e-05,0
0.99998254,1
5.3309734e-05,0
0.99992776,1
0.9926011,1
1.3356138e-05,0
1.7345018e-06,0
1.1782167e-06,0
0.99996567,1
1.6455657e-05,0
2.3072848e-06,0
1.5375559e-05,0
6.2501445e-06,0
3.010637e-05,0
4.4853114e-06,0
0.99999785,1
0.00044542283,0
4.427845e-05,0
2.644686e-06,0
0.99998903,1
0.9999992,1
6.0672228e-05,0
0.99965733,1
0.99825877,1
2.3873232e-05,0
0.00026715227,0
0.9999841,1
1.7925327e-06,0
2.473873e-05,0
0.3946763,1
0.99963444,1
0.8521597,1
5.38289e-07,0
0.0006467973,0
1.2981624e-05,0
1.3667863e-06,0
3.7894895e-06,0
1.0341518e-06,0
0.0006824203,0
2.4555957e-05,0
2.1666527e-05,0
3.089229e-06,0
1.1829594e-05,0
4.7676804e-06,0
4.0113023e-06,0
5.261017e-06,0
0.012872354,0
8.095504e-06,0
1.492558e-05,0
1.197173e-05,0
4.7978524e-06,0
2.2175382e-06,0
1.4716649e-05,0
0.00080057856,0
3.3494714e-06,0
0.00011851677,0
4.7469284e-06,0
4.4547694e-05,0
2.2900824e-05,0
7.925542e-06,0
9.949267e-07,0
0.00018374917,0
0.0003401779,0
3.4020943e-06,0
2.046576e-06,0
1.9263047e-05,0
2.3236507e-05,0
4.3292166e-06,0
0.98962504,1
0.051487435,0
5.0381754e-05,0
4.7811623e-06,0
9.271119e-06,0
0.9999978,1
0.9999959,1
0.9999895,1
0.99998283,1
1.9852421e-05,0
3.469316e-05,0
9.358778e-06,0
2.0835023e-05,0
1.8369184e-06,0
2.9500377e-05,0
4.778238e-05,0
0.9950226,1
0.999996,1
7.7922647e-07,0
2.211162e-05,0
5.4682172e-05,0
0.9999819,1
0.00012624323,0
0.9999973,1
5.253947e-05,0
1.3035777e-05,0
0.98940676,1
0.9911936,1
5.860807e-07,0
1.1547137e-05,0
2.306217e-07,0
1.2299265e-05,0
0.0016041595,0
0.9999911,1
2.4382904e-05,0
0.9997347,1
0.00051221735,0
7.32269e-05,0
0.9999917,1
1.6490595e-06,0
4.5124823e-05,0
5.298863e-06,0
1.6335105e-05,0
2.6196212e-05,0
0.009787392,0
0.9999401,1
0.99999833,1
0.9999685,1
1.5655625e-06,0
0.0004764793,0
0.99986005,1
0.9985733,1
0.0002552363,0
1.6906752e-05,0
0.9109554,1
0.99998355,1
1.0544897e-05,0
0.99999857,1
0.9999914,1
0.016375989,0
0.9998087,1
5.315894e-06,0
0.9999864,1
0.99997157,1
1.5589352e-05,0
4.37485e-06,0
2.536106e-06,0
1.536395e-05,0
0.9999431,1
5.3142943e-05,0
0.99986506,1
0.99998873,1
0.99894875,1
1.678557e-05,0
1.015545e-05,0
3.0447794e-05,0
2.1842561e-06,0
0.004503869,0
0.0005152107,0
0.000107327556,0
2.9480494e-05,0
4.3179807e-06,0
6.4986e-06,0
1.200966e-05,0
2.0668588e-06,0
5.514197e-06,0
0.99891686,1
0.9991043,1
1.908868e-05,0
1.6511382e-05,0
2.0057796e-05,0
4.98464e-07,0
0.00011457698,0
0.9991098,1
3.9594084e-05,0
0.00048321168,0
0.99997306,1
2.1072348e-07,0
2.3873915e-06,0
6.289801e-06,0
4.67202e-06,0
0.99779624,1
8.200177e-06,0
6.127942e-06,0
1.2965441e-05,0
1.6489904e-06,0
1.3191876e-05,0
1.4654622e-05,0
1.8992498e-05,0
0.002034723,0
0.99998856,1
6.639817e-06,0
1.0140285e-06,0
6.152759e-06,0
3.271363e-06,0
0.99967885,1
0.9995704,1
0.00017270113,0
2.0984618e-05,0
0.0002838617,0
5.4375374e-05,0
2.0467442e-05,0
2.814085e-06,0
0.9992798,1
0.0006822636,0
5.714259e-06,0
0.99973696,1
0.0005716951,0
0.00013655893,0
0.0004771147,0
5.2776188e-05,0
1.2540958e-05,0
4.8581086e-07,0
1.7265816e-06,0
0.00010208118,0
0.99959975,1
0.9995708,1
2.856711e-06,0
0.00065618864,0
0.0008516253,0
1.3636949e-05,0
0.9999997,1
0.0007670577,0
2.105361e-05,0
7.922361e-07,0
0.00019208349,0
0.00011187145,0
0.9999812,1
1.1266665e-05,0
4.1190156e-05,0
5.89811e-05,0
4.2453044e-06,0
0.99998635,1
0.99818534,1
5.6134788e-05,0
0.00025890066,0
5.4654334e-05,0
0.9999984,1
3.3981025e-06,0
0.00088923314,0
1.9734278e-05,0
1.3981172e-05,0
0.9999955,1
5.1208294e-06,0
5.8837286e-06,0
7.237349e-06,0
0.0013956492,0
0.0033924086,0
1.9992924e-05,0
0.9999545,1
7.607092e-05,0
0.9981768,1
2.184033e-05,0
2.0761677e-06,0
0.9999902,1
4.2432297e-05,0
5.989444e-06,0
0.00024934186,0
1.7745979e-05,0
0.001485496,0
0.0013883064,0
0.999881,1
0.9981918,1
9.178982e-06,0
7.5222265e-06,0
0.004729258,0
0.00036356543,0
0.99772984,1
0.0014491811,0
2.9299998e-05,0
0.00022524898,0
0.9999936,1
0.0050909105,0
1.3058283e-06,0
0.9999826,1
6.011596e-06,0
0.00020991573,0
1.7847402e-05,0
0.0002202249,0
4.2837088e-05,0
9.347896e-06,0
0.99970573,1
4.2175398e-05,0
2.9059685e-05,0
8.648909e-06,0
1.4813934e-05,0
0.99982786,1
2.9621922e-06,0
2.4468203e-05,0
6.2508066e-06,0
2.6931928e-06,0
7.797202e-06,0
0.00053519,0
0.9999833,1
5.34541e-06,0
8.890444e-06,0
1.478568e-05,0
2.0703961e-05,0
7.294682e-06,0
5.8363603e-06,0
4.708299e-06,0
1.2845354e-06,0
0.00078872015,0
4.222515e-06,0
6.280734e-07,0
1.4196128e-05,0
0.99915695,1
1.2103667e-05,0
1.8562454e-06,0
0.0005595272,0
0.9996376,1
0.9999965,1
0.00038840124,0
0.0006702058,0
0.9797209,1
3.5242126e-06,0
0.36465082,1
1.8549005e-06,0
1.2618493e-05,0
0.9999461,1
1.7185829e-06,0
1.8222722e-06,0
6.2773564e-05,0
2.9764711e-05,0
1.7772503e-06,0
0.99997354,1
0.99999124,1
9.199435e-06,0
0.000481219,0
0.99999547,1
0.9990513,1
3.6483896e-05,0
0.00042601026,0
1.1156812e-05,0
0.00013419027,0
2.1322726e-06,0
4.720263e-06,0
0.9998315,1
0.0001321178,0
0.9993832,1
1.7093744e-05,0
0.99996567,1
3.6343008e-06,0
1.5988661e-06,0
7.262427e-07,0
0.9997894,1
8.210201e-06,0
4.9678853e-05,0
3.6981676e-06,0
2.5197602e-05,0
0.9999855,1
0.002364966,0
2.0622535e-06,0
0.00016030947,0
1.3241298e-05,0
0.00016734115,0
1.0490022e-05,0
0.9994796,1
0.99999684,1
5.306379e-05,0
7.4732975e-06,0
1.38407495e-05,0
1.8942663e-05,0
2.6138567e-05,0
0.0019319196,0
0.99992585,1
3.6342462e-05,0
1.3775462e-05,0
0.99557424,1
4.121296e-06,0
6.0331386e-06,0
0.99998045,1
0.00010081115,0
1.8144756e-06,0
0.99999356,1
0.9997321,1
1.4963148e-05,0
0.99995965,1
1.2737221e-05,0
0.99961823,1
1.4603921e-05,0
0.00016276729,0
0.9999702,1
5.258965e-05,0
1.1587163e-06,0
1.7404438e-05,0
0.9999921,1
0.9999679,1
3.2744035e-06,0
7.0307084e-05,0
0.99999523,1
0.9999831,1
1.03618995e-05,0
0.00043231962,0
1.6508675e-06,0
9.998968e-07,0
8.871464e-06,0
3.0402649e-05,0
0.99945205,1
2.6462803e-06,0
0.99989206,1
2.59177e-06,0
2.8306065e-06,0
1.2690939e-05,0
0.9999916,1
4.001268e-05,0
1.1036755e-05,0
6.191773e-06,0
0.9999965,1
6.82938e-05,0
7.4344557e-06,0
7.5513585e-06,0
0.999993,1
0.9999984,1
0.99997157,1
0.9999811,1
0.00042471127,0
6.299844e-06,0
5.0912113e-05,0
8.51531e-06,0
1.1232526e-05,0
0.9997087,1
0.9912021,1
8.462485e-06,0
2.5693555e-06,0
4.4014405e-06,0
1.6153439e-05,0
0.00010682652,0
7.7263096e-05,0
8.167405e-06,0
0.00058124645,0
2.7797305e-06,0
0.9999981,1
0.9999898,1
0.00012480977,0
7.850763e-05,0
0.99999887,1
0.9634058,1
3.2836315e-06,0
2.366706e-06,0
3.1351734e-05,0
0.99998164,1
7.686411e-07,0
1.1151951e-05,0
4.2190764e-05,0
7.826898e-06,0
1.2235996e-05,0
1.037432e-05,0
0.99994445,1
0.9999406,1
2.1827378e-05,0
0.9983997,1
0.99986076,1
3.5608813e-05,0
0.9998415,1
1.1634854e-06,0
0.99987984,1
0.9985292,1
2.8236611e-06,0
0.0005028342,0
1.9544855e-07,0
3.9592264e-06,0
2.741302e-05,0
6.9159596e-06,0
3.1771644e-06,0
3.859652e-06,0
8.8405267e-07,0
0.00030436422,0
0.9998265,1
1.5502063e-05,0
1.6130112e-06,0
1.4838453e-05,0
0.9995844,1
4.6629197e-05,0
0.9995396,1
0.9999477,1
1.511229e-05,0
1.5078749e-05,0
0.999921,1
7.69269e-06,0
2.8920122e-05,0
0.9996775,1
8.0862235e-05,0
2.4348128e-06,0
1.7254266e-05,0
5.965361e-05,0
3.198892e-05,0
1.5155995e-05,0
0.00012781621,0
4.382563e-06,0
2.6143582e-06,0
4.938114e-06,0
3.5677713e-05,0
3.6218032e-06,0
1.9544776e-05,0
0.99408937,1
3.0472409e-06,0
0.00017372012,0
0.9999821,1
3.250939e-06,0
0.99858093,1
2.7108338e-06,0
5.170992e-05,0
2.3447132e-05,0
0.9998867,1
0.00015716808,0
0.99986666,1
0.999993,1
0.99929553,1
1.02748245e-05,0
2.3171122e-05,0
0.9999969,1
1.9749548e-06,0
1.3270652e-06,0
0.8330269,1
0.9999945,1
3.2346292e-05,0
5.716897e-06,0
2.301849e-05,0
2.2162824e-06,0
0.9999628,1
4.8112133e-06,0
1.2987311e-05,0
6.043557e-07,0
1.1056106e-05,0
1.7151828e-05,0
0.00025031273,0
0.9999593,1
0.99983335,1
1.0970728e-05,0
0.9999757,1
0.00070132007,0
1.3326086e-05,0
1.1697274e-05,0
3.537915e-05,0
7.6882825e-06,0
0.99998474,1
0.0013006267,0
0.00020953898,0
0.5901397,1
2.4602932e-05,0
1.5213104e-06,0
0.999891,1
1.2962954e-06,0
1.2186679e-05,0
0.9992848,1
4.5558354e-06,0
1.9366418e-05,0
0.9995627,1
1.2520321e-05,0
0.0016784429,0
8.357102e-06,0
6.7864676e-05,0
0.99981123,1
0.00032914235,0
1.905765e-05,0
0.99999887,1
1.5053429e-06,0
0.0003624301,0
0.99927837,1
1.682543e-05,0
0.0026261827,0
0.9998171,1
1.5109005e-05,0
6.8439505e-05,0
6.4035808e-06,0
0.99914575,1
0.00013788794,0
2.83524e-07,0
1.6127133e-05,0
0.9994159,1
0.001075904,0
0.99996233,1
8.5260595e-05,0
2.8856099e-05,0
2.5249662e-06,0
2.9696326e-05,0
0.9996894,1
0.01861416,0
0.99987537,1
3.0386045e-06,0
0.00050700456,0
6.373231e-05,0
3.290848e-06,0
3.3231806e-06,0
0.9759132,1
0.9999868,1
0.9999752,1
1.0879538e-06,0
0.9994772,1
0.9999998,1
0.99914193,1
0.9999582,1
0.0043765525,0
1.7257162e-05,0
1.3532673e-05,0
5.068952e-06,0
0.99930024,1
2.0274476e-05,0
0.9990671,1
0.9998946,1
0.9988254,1
1.7950022e-05,0
0.9999132,1
4.943764e-06,0
0.99999356,1
0.0015008886,0
0.9999385,1
8.6756637e-07,0
1.5992755e-05,0
0.997027,1
0.99999547,1
8.6795235e-06,0
1.6899789e-05,0
0.00045036324,0
0.010981363,0
0.00017891022,0
1.0936067e-05,0
1.1630324e-05,0
2.45611e-06,0
8.256055e-06,0
2.1416787e-05,0
1.388465e-06,0
4.7683105e-05,0
0.000568172,0
0.99939996,1
0.00010010067,0
0.9999754,1
1.31938905e-05,0
0.00012456377,0
0.00017774326,0
0.00060433976,0
4.6693094e-05,0
8.628445e-06,0
4.948948e-06,0
0.00824255,0
2.5033749e-05,0
7.8882914e-07,0
0.9998598,1
4.813127e-06,0
0.9951723,1
0.000105777486,0
3.0277654e-06,0
2.472889e-06,0
8.649883e-06,0
0.0015676715,0
2.0811967e-05,0
0.99998933,1
1.5397203e-05,0
0.99998885,1
0.9998324,1
9.1638585e-06,0
