{
    "uid": "6db3e90e-5109-437d-b047-1d5ab8dbb5a5",
    "name": "1_Baseline",
    "preprocessing": [
        {
            "remove_columns": [
                "Discharge Year"
            ],
            "ml_task": "regression",
            "params": {
                "columns_preprocessing": {
                    "Discharge Year": [
                        "remove_column"
                    ]
                },
                "target_preprocessing": [
                    "na_exclude"
                ],
                "ml_task": "regression"
            }
        }
    ],
    "learners": [
        {
            "library_version": "1.0.2",
            "algorithm_name": "Baseline Regressor",
            "algorithm_short_name": "Baseline",
            "uid": "f287b336-3692-40d0-bb42-f8b5f84ebfb8",
            "params": {
                "model_type": "Baseline",
                "ml_task": "regression",
                "n_jobs": -1,
                "seed": 1235,
                "explain_level": 2
            },
            "name": "learner_fold_0"
        }
    ],
    "params": {
        "additional": {
            "max_steps": 1,
            "max_rows_limit": null,
            "max_cols_limit": null
        },
        "preprocessing": {
            "columns_preprocessing": {
                "Discharge Year": [
                    "remove_column"
                ]
            },
            "target_preprocessing": [
                "na_exclude"
            ],
            "ml_task": "regression"
        },
        "validation_strategy": {
            "validation_type": "split",
            "train_ratio": 0.75,
            "shuffle": true,
            "X_path": "AutoML_1/X.data",
            "y_path": "AutoML_1/y.data",
            "results_path": "AutoML_1"
        },
        "learner": {
            "model_type": "Baseline",
            "ml_task": "regression",
            "n_jobs": -1,
            "seed": 1235,
            "explain_level": 2
        },
        "automl_random_state": 1234,
        "ml_task": "regression",
        "explain_level": 2,
        "name": "1_Baseline",
        "status": "initialized",
        "final_loss": null,
        "train_time": null,
        "data_type": "original",
        "max_time_for_learner": 360.0
    },
    "saved": [
        "1_Baseline/learner_fold_0.baseline"
    ],
    "predictions_fname": "1_Baseline/predictions_validation.csv",
    "metric_name": "rmse",
    "final_loss": 72381.65322864988,
    "train_time": 0.4901304244995117,
    "is_stacked": false
}